ads_id,user_id,car_id,title,posting_date,year_built,color,mileage,price
1,340,94,Jual mobil bagus,1985-03-13,1984,Emas,176200,1620000000
2,140,116,Jual mobil,2005-04-28,2021,Biru laut,130200,586000000
3,623,66,Jual murah,2014-12-06,1988,Ungu,96800,1118000000
4,368,42,Jual mobil second,2015-06-29,1989,Kuning,117700,767000000
5,91,87,Jual mobil bagus,2006-06-13,1977,Magenta,5400,1549000000
6,128,101,Jual mobil bagus,2010-09-19,2002,Ungu,42400,716000000
7,316,96,Jual mobil second,2013-06-09,1998,Hijau muda,79900,1792000000
8,169,234,Jual murah,2008-04-20,1982,Nila,189300,180000000
9,562,145,Jual mobil bagus,2012-02-29,2018,Biru muda,102100,1665000000
10,340,113,Jual cepat,1983-10-21,2015,Ungu,135600,1475000000
11,637,269,Butuh uang,1993-10-26,2018,Perak,150000,1799000000
12,104,243,Jual mobil second,1988-04-03,1992,Hijau muda,184500,1754000000
13,634,191,Butuh uang,2008-10-23,2005,Biru,72900,370000000
14,504,30,Jual mobil second,2009-12-01,2000,Hijau tua,104600,277000000
15,307,222,Jual mobil bagus,2000-09-27,2015,Merah bata,95200,557000000
16,582,260,Jual mobil bagus,1997-09-27,1973,Magenta,156900,1248000000
17,22,212,Jual mobil bagus,2018-10-08,2015,Nila,18300,1914000000
18,354,35,Jual cepat,2000-12-16,2008,Putih,104000,1547000000
19,328,24,Jual mobil bagus,2011-01-01,1986,Emas,65200,1359000000
20,576,175,Jual mobil,1982-02-05,2018,Coklat tua,168300,592000000
21,236,204,Jual murah,2013-02-18,1984,Jingga,192600,1847000000
22,439,6,Jual mobil bagus,1983-01-28,1999,Hijau tua,160300,229000000
23,406,76,Jual cepat,2004-12-01,1980,Nila,191000,1155000000
24,466,74,Jual mobil second,1984-05-30,1983,Putih,33000,949000000
25,413,262,Jual mobil,1970-12-08,2022,Hitam,196100,341000000
26,114,62,Jual mobil,1988-03-25,2022,Hijau,65700,309000000
27,689,261,Jual mobil bagus,2006-08-29,1974,Jingga,188800,1554000000
28,629,279,Butuh uang,1994-09-09,2007,Jingga,174800,1021000000
29,142,302,Jual cepat,1983-01-19,2002,Merah marun,57600,1938000000
30,203,89,Butuh uang,1972-08-19,1989,Koral,21100,1263000000
31,416,130,Jual mobil bagus,1986-11-09,2015,Koral,75500,870000000
32,203,212,Jual mobil bagus,2000-11-08,2010,Kuning,135200,435000000
33,479,148,Jual cepat,2013-09-01,2002,Hijau tua,16800,1912000000
34,574,108,Butuh uang,1983-08-28,2017,Merah marun,103800,1545000000
35,642,160,Jual murah,2017-10-22,1987,Ungu tua,75600,1117000000
36,30,139,Jual murah,2001-09-01,2000,Koral,152400,644000000
37,185,203,Butuh uang,2015-04-12,2013,Merah marun,84100,1045000000
38,79,92,Jual cepat,1975-07-22,1972,Hijau tua,93500,1943000000
39,544,148,Jual mobil second,2004-11-14,1991,Ungu,126700,1040000000
40,115,345,Jual murah,2017-02-25,1977,Merah bata,124300,779000000
41,346,322,Jual mobil,1985-07-31,2010,Zaitun,21200,841000000
42,304,321,Butuh uang,1983-09-02,2011,Ungu tua,121300,558000000
43,630,49,Jual mobil,2021-10-26,1987,Abu-abu,147700,343000000
44,677,169,Jual murah,1971-12-27,2014,Nila,171400,994000000
45,109,342,Jual cepat,1991-12-31,2021,Merah marun,142300,594000000
46,51,314,Jual mobil,2021-03-11,2004,Coklat tua,40900,426000000
47,547,324,Butuh uang,2008-11-10,2021,Hijau muda,134000,463000000
48,205,309,Jual mobil bagus,2001-11-05,2014,Putih,108300,346000000
49,303,242,Jual mobil bagus,1979-04-08,1986,Ungu tua,128400,602000000
50,363,338,Jual mobil bagus,1973-11-12,1984,Merah bata,53800,555000000
51,369,195,Butuh uang,1997-08-17,2013,Coklat,168500,1447000000
52,542,2,Butuh uang,2007-12-16,1990,Hijau,194400,1960000000
53,348,297,Jual mobil,1997-03-12,1993,Biru laut,62500,1758000000
54,278,132,Jual murah,1975-09-24,2019,Emas,5900,105000000
55,127,222,Butuh uang,1986-03-02,1991,Biru laut,31100,192000000
56,469,320,Jual mobil,1986-07-14,2008,Coklat,133100,1007000000
57,645,197,Butuh uang,1985-01-14,2005,Biru laut,64200,987000000
58,560,141,Butuh uang,2020-04-29,1984,Emas,90000,934000000
59,479,267,Butuh uang,1990-04-15,1998,Hijau muda,106600,1181000000
60,459,152,Butuh uang,1980-10-31,1989,Abu-abu,64800,323000000
61,253,154,Jual murah,2001-09-02,2013,Hijau,102400,745000000
62,373,164,Jual mobil bagus,2011-07-20,1971,Hitam,6000,1749000000
63,512,219,Jual mobil,2021-06-04,1989,Merah,108400,132000000
64,13,50,Jual murah,1976-11-28,2004,Merah,118500,484000000
65,364,83,Jual cepat,2010-02-03,1985,Nila,26500,121000000
66,678,81,Jual mobil second,2007-08-19,2000,Merah marun,28900,1278000000
67,136,56,Jual cepat,1999-07-30,1989,Merah jambu,174400,405000000
68,532,338,Jual mobil bagus,1972-05-31,2020,Putih,130700,1232000000
69,83,97,Jual mobil,1974-12-12,2000,Biru dongker,91800,874000000
70,533,254,Jual mobil bagus,2022-09-03,1998,Coklat,140700,1218000000
71,219,240,Jual mobil,2015-01-09,1976,Biru laut,9400,719000000
72,215,177,Jual murah,2006-09-19,2005,Merah bata,179400,482000000
73,131,56,Jual cepat,1977-01-21,1983,Magenta,168200,1390000000
74,279,219,Jual mobil,2009-09-19,2000,Merah marun,64300,1026000000
75,57,188,Jual mobil bagus,2016-09-01,2021,Merah,36900,1037000000
76,664,156,Jual murah,2000-08-14,1994,Biru muda,28800,1735000000
77,671,117,Jual cepat,1986-08-19,1981,Nila,114600,1680000000
78,236,343,Jual mobil bagus,2007-01-24,1992,Hijau tua,160700,662000000
79,685,338,Jual cepat,1979-03-11,2009,Abu-abu,112800,1019000000
80,591,65,Jual mobil,1971-07-01,1978,Nila,197800,1829000000
81,460,9,Jual mobil second,2013-05-24,1976,Biru laut,198000,1630000000
82,139,304,Butuh uang,1981-04-02,1971,Biru dongker,20200,1298000000
83,322,70,Jual cepat,2017-07-28,2011,Merah marun,130600,1556000000
84,151,151,Jual murah,2018-04-03,1992,Merah bata,158000,393000000
85,100,85,Jual cepat,2005-09-18,2003,Biru,158000,995000000
86,114,341,Jual mobil second,2018-07-14,2018,Putih,180800,827000000
87,532,266,Jual murah,1990-05-05,1990,Emas,96700,922000000
88,134,151,Jual mobil second,2003-06-27,2017,Zaitun,7600,230000000
89,673,313,Jual mobil bagus,1997-06-26,1982,Hijau tua,169300,1803000000
90,156,37,Jual mobil second,1992-07-21,1973,Ungu tua,96800,964000000
91,169,135,Jual murah,1986-04-07,2008,Hijau,89900,1651000000
92,323,236,Jual mobil second,1975-06-06,2015,Emas,13200,118000000
93,162,224,Butuh uang,1998-07-29,2009,Abu-abu,169800,1162000000
94,202,159,Jual mobil bagus,2018-10-17,2012,Biru laut,168600,196000000
95,610,51,Butuh uang,1974-12-15,2011,Hijau,168400,1728000000
96,448,46,Jual murah,1983-03-30,2010,Biru muda,27000,1356000000
97,137,5,Jual mobil bagus,2001-01-11,2013,Hijau,122500,1494000000
98,492,65,Jual cepat,2005-05-08,2021,Jingga,148100,263000000
99,110,286,Jual mobil bagus,1971-12-01,2015,Hijau,111900,1442000000
100,503,343,Jual cepat,1975-07-18,1980,Perak,160600,524000000
101,527,190,Jual murah,1982-07-06,2016,Ungu,4700,613000000
102,272,120,Jual cepat,1995-06-10,1999,Biru,25400,1752000000
103,535,143,Jual mobil,2003-12-10,2020,Coklat tua,181000,1241000000
104,316,306,Jual mobil bagus,1974-01-20,1990,Ungu tua,58400,899000000
105,75,154,Jual mobil second,2020-01-03,1974,Merah,141100,1561000000
106,167,1,Jual mobil,1985-07-06,2022,Jingga,170500,505000000
107,504,322,Jual mobil,1994-06-08,2000,Coklat,170400,164000000
108,297,329,Jual murah,2016-11-19,1977,Hijau,138100,192000000
109,74,73,Jual mobil second,1994-05-14,1985,Zaitun,4700,1000000000
110,306,262,Jual murah,2013-08-11,1971,Merah bata,67500,1087000000
111,403,347,Jual mobil bagus,2014-12-01,2012,Putih,155700,735000000
112,646,349,Jual cepat,2021-11-29,1982,Hijau,1900,1389000000
113,77,323,Jual murah,2017-11-29,2011,Coklat tua,15900,1791000000
114,602,119,Butuh uang,1988-11-01,1984,Coklat,5700,827000000
115,697,343,Jual cepat,2019-06-27,2014,Biru muda,160000,1433000000
116,166,248,Jual mobil second,2001-02-19,2009,Merah marun,64000,252000000
117,480,212,Jual cepat,1997-06-20,1984,Emas,172400,250000000
118,597,191,Jual mobil,2011-01-24,1982,Hijau tua,45800,861000000
119,410,329,Jual mobil,1999-10-01,2016,Hitam,14300,621000000
120,433,217,Jual mobil second,1993-01-25,1993,Biru dongker,196700,953000000
121,87,181,Jual mobil,1979-11-20,2015,Emas,70500,922000000
122,469,305,Jual mobil second,1974-08-24,1978,Biru dongker,116200,107000000
123,538,163,Butuh uang,1971-09-07,1976,Hijau muda,169700,1599000000
124,380,355,Jual mobil bagus,2022-03-20,1991,Magenta,71200,1021000000
125,524,13,Butuh uang,1982-06-08,2015,Merah jambu,35400,731000000
126,476,53,Butuh uang,2021-01-14,1971,Biru,87400,163000000
127,47,241,Jual murah,2006-08-22,2015,Merah bata,29800,702000000
128,531,177,Butuh uang,2000-12-31,1993,Abu-abu,49200,1168000000
129,56,161,Butuh uang,1998-01-06,1983,Biru,85300,1729000000
130,414,176,Jual cepat,1980-10-06,2003,Merah jambu,68300,1551000000
131,371,101,Jual cepat,2021-08-28,2014,Kuning,183900,1915000000
132,152,183,Jual cepat,1978-11-21,1994,Hijau muda,16700,911000000
133,120,307,Butuh uang,1996-11-21,1989,Hijau tua,167900,1928000000
134,87,253,Jual murah,1995-03-14,2004,Hijau tua,104700,740000000
135,563,313,Jual cepat,1999-11-14,1998,Merah marun,11400,793000000
136,305,190,Jual cepat,1983-12-28,2016,Emas,98600,841000000
137,690,64,Jual mobil,1982-02-07,1984,Coklat,32600,1641000000
138,462,347,Jual mobil second,1997-03-05,1980,Hijau,152600,379000000
139,700,76,Jual cepat,1984-05-21,2001,Ungu,124300,1502000000
140,639,283,Jual murah,1988-05-12,2007,Coklat tua,106000,571000000
141,297,143,Jual mobil bagus,2013-12-03,1996,Merah,39300,1239000000
142,413,149,Jual mobil,1980-04-30,1991,Merah,118200,1574000000
143,629,30,Jual murah,1975-11-12,2009,Hijau,185800,1947000000
144,147,355,Jual murah,1975-03-09,2010,Biru,26800,1696000000
145,57,316,Jual cepat,2020-07-02,2005,Magenta,23300,1758000000
146,99,115,Jual cepat,1994-02-12,1979,Biru,41900,1376000000
147,691,185,Jual cepat,1971-10-27,2014,Ungu tua,174300,116000000
148,483,264,Jual mobil bagus,1994-06-15,1975,Ungu tua,129700,175000000
149,458,155,Jual mobil bagus,2023-06-02,2016,Merah marun,100600,1792000000
150,89,261,Butuh uang,2000-07-26,1984,Jingga,116400,293000000
151,392,356,Jual mobil second,1983-06-14,2011,Biru laut,180500,753000000
152,509,288,Jual mobil bagus,2021-09-07,1984,Merah bata,30300,342000000
153,516,313,Jual mobil bagus,2011-11-30,2020,Jingga,74400,260000000
154,248,94,Butuh uang,2012-07-02,1998,Biru laut,148600,813000000
155,501,256,Jual murah,1978-09-26,2016,Merah marun,148800,1748000000
156,195,158,Jual murah,2016-07-16,2019,Zaitun,115100,1031000000
157,86,111,Jual mobil,1986-01-15,1971,Jingga,79400,391000000
158,563,294,Jual mobil second,1992-08-23,1998,Biru dongker,53800,150000000
159,674,165,Butuh uang,1975-03-15,2012,Abu-abu,191200,1177000000
160,586,263,Jual cepat,1997-12-04,1979,Ungu tua,26200,606000000
161,220,85,Jual murah,2008-09-20,2012,Merah bata,155900,111000000
162,131,289,Jual mobil second,1996-02-15,2000,Perak,62600,1073000000
163,10,304,Jual mobil second,2017-01-23,1978,Coklat,110400,1418000000
164,412,272,Jual cepat,1980-08-12,1986,Abu-abu,194500,936000000
165,668,11,Jual mobil bagus,1982-11-25,2022,Merah marun,25800,1639000000
166,138,26,Jual mobil,1990-03-26,1997,Emas,142700,1724000000
167,192,163,Jual mobil,2015-12-12,2019,Merah jambu,155100,1093000000
168,421,308,Jual mobil,1977-02-28,2015,Hitam,106100,264000000
169,682,24,Jual cepat,1980-12-19,1992,Zaitun,30500,382000000
170,55,124,Jual mobil second,1999-12-22,2004,Coklat tua,55500,1899000000
171,397,17,Jual mobil bagus,2022-10-21,2010,Merah jambu,42400,598000000
172,611,162,Jual mobil bagus,2014-01-21,1990,Biru laut,165000,1990000000
173,240,340,Jual mobil second,1996-05-01,1974,Ungu tua,61500,435000000
174,572,208,Butuh uang,1998-10-23,2010,Merah,124400,1112000000
175,319,318,Butuh uang,1990-09-10,2005,Emas,88500,1713000000
176,572,278,Jual mobil second,1977-10-20,2013,Merah,48000,1215000000
177,557,159,Jual cepat,2003-04-21,2005,Hijau muda,51100,1304000000
178,292,87,Jual murah,2007-04-27,1998,Abu-abu,52100,699000000
179,508,143,Jual mobil,1993-01-06,1984,Jingga,92200,667000000
180,377,277,Jual cepat,2012-02-01,2016,Zaitun,147000,1770000000
181,97,321,Butuh uang,2013-02-27,1972,Abu-abu,43900,226000000
182,452,130,Jual mobil,2007-04-05,1972,Coklat,139100,934000000
183,355,50,Butuh uang,1975-07-29,1988,Perak,183100,1549000000
184,153,98,Butuh uang,1990-04-10,2019,Biru dongker,191000,1053000000
185,348,311,Butuh uang,1995-12-04,1995,Koral,190900,560000000
186,140,290,Jual mobil bagus,2013-04-23,2000,Biru laut,99500,1177000000
187,700,60,Jual cepat,1983-09-12,1999,Merah marun,99300,112000000
188,422,63,Jual mobil second,2011-06-28,1992,Zaitun,154200,676000000
189,166,195,Jual mobil second,2010-04-15,1993,Biru dongker,182700,224000000
190,355,88,Butuh uang,1981-09-22,1982,Zaitun,143200,1909000000
191,690,209,Butuh uang,2017-05-23,2005,Magenta,36400,892000000
192,22,311,Butuh uang,2007-03-24,1974,Ungu tua,184000,1931000000
193,294,351,Jual mobil second,1991-10-16,2012,Zaitun,49800,1317000000
194,475,316,Jual cepat,2019-06-25,1985,Hijau muda,189900,153000000
195,362,90,Jual mobil,2004-11-05,2009,Biru muda,187400,1407000000
196,436,300,Jual mobil second,1983-09-10,2005,Ungu,49000,272000000
197,679,283,Jual mobil,1991-08-05,1995,Merah bata,17300,112000000
198,593,258,Jual mobil second,2004-12-15,2011,Magenta,24300,890000000
199,175,189,Butuh uang,1985-01-23,2018,Zaitun,40900,1518000000
200,393,177,Butuh uang,1977-10-07,1985,Hitam,48100,435000000
201,179,46,Jual mobil,1991-10-16,2019,Abu-abu,1500,1764000000
202,16,144,Butuh uang,1992-09-18,2020,Coklat,139500,931000000
203,625,90,Jual murah,2015-10-29,1993,Merah,7800,1059000000
204,248,327,Jual cepat,2020-06-01,1990,Zaitun,124800,1963000000
205,592,316,Jual mobil,2018-05-15,1993,Coklat,194700,240000000
206,170,63,Butuh uang,1980-02-29,1989,Hijau muda,150100,1324000000
207,498,338,Jual mobil,2003-09-15,1983,Merah,93900,1524000000
208,636,126,Jual mobil,2017-01-03,1997,Hijau muda,147500,1760000000
209,510,28,Jual murah,2016-03-19,1985,Biru laut,92100,1498000000
210,140,131,Jual cepat,1974-04-18,1982,Abu-abu,151800,1741000000
211,188,45,Butuh uang,1977-12-13,2012,Kuning,107300,1669000000
212,485,50,Jual mobil,2005-06-12,2014,Nila,141700,243000000
213,638,175,Jual mobil bagus,1977-11-20,2010,Perak,62900,842000000
214,272,208,Jual murah,1979-07-21,1990,Putih,87700,447000000
215,218,59,Butuh uang,2011-09-12,2004,Biru dongker,95900,348000000
216,290,144,Jual murah,1982-12-22,1983,Hijau tua,82200,372000000
217,640,8,Jual mobil bagus,1980-08-01,1975,Kuning,177200,1263000000
218,351,127,Jual mobil bagus,1972-09-21,1973,Hitam,600,1314000000
219,489,19,Jual cepat,1986-12-04,1981,Hijau tua,15800,902000000
220,640,149,Jual mobil,2017-06-12,1970,Biru dongker,118600,434000000
221,31,278,Jual mobil bagus,1983-09-09,2005,Hijau tua,197600,1236000000
222,24,274,Jual murah,2000-05-22,2005,Emas,180500,1503000000
223,511,191,Butuh uang,1984-03-06,2017,Perak,65100,713000000
224,213,32,Butuh uang,2008-12-28,1985,Emas,191500,1824000000
225,412,185,Jual mobil bagus,2020-05-05,1984,Biru,154400,1968000000
226,583,236,Jual mobil second,1985-12-10,1979,Coklat,136900,1939000000
227,392,154,Butuh uang,1992-01-18,2021,Zaitun,67500,1660000000
228,324,272,Jual mobil,1978-11-16,1979,Ungu,59000,1555000000
229,293,354,Jual cepat,1982-04-12,1996,Biru laut,112600,1358000000
230,233,301,Jual murah,1992-01-04,1977,Biru dongker,22200,215000000
231,142,54,Jual mobil,1991-12-30,1986,Koral,63400,1120000000
232,269,47,Jual mobil bagus,2022-05-03,2005,Biru,54200,743000000
233,572,289,Butuh uang,2017-11-02,1971,Biru,108400,695000000
234,28,119,Butuh uang,2016-01-03,1989,Hijau,72700,1211000000
235,408,48,Jual murah,2000-10-02,1989,Biru muda,64600,1506000000
236,271,277,Jual murah,1972-07-16,1997,Merah jambu,117200,1319000000
237,162,187,Jual mobil second,2011-01-03,1978,Koral,51200,1401000000
238,89,55,Butuh uang,1992-09-03,1997,Biru laut,148900,869000000
239,403,312,Jual cepat,2004-12-04,2006,Merah marun,78900,314000000
240,436,15,Jual mobil,1970-04-28,2009,Jingga,123900,1842000000
241,416,100,Jual murah,2013-05-07,1983,Hitam,159700,1383000000
242,343,217,Jual mobil bagus,2000-11-10,1976,Ungu,67300,1581000000
243,113,104,Jual murah,2018-10-12,2011,Coklat,81100,1022000000
244,94,147,Jual mobil bagus,2008-10-04,2011,Abu-abu,76900,1970000000
245,497,235,Jual mobil second,1991-01-21,2010,Ungu,30500,815000000
246,321,301,Jual mobil,1980-02-18,1984,Ungu,166400,1658000000
247,210,258,Jual murah,2007-09-25,1994,Kuning,158600,1698000000
248,284,14,Jual mobil bagus,2022-01-07,2008,Emas,9400,426000000
249,94,248,Jual mobil bagus,2005-10-26,2003,Kuning,160200,1702000000
250,7,308,Jual mobil second,1970-10-09,1974,Biru laut,120300,399000000
251,556,196,Jual mobil,2017-07-10,1972,Koral,89300,814000000
252,475,317,Jual mobil second,2000-03-06,1991,Merah bata,171400,1680000000
253,628,40,Jual cepat,2000-02-17,1982,Zaitun,43200,1302000000
254,207,342,Jual mobil,1999-09-22,2021,Zaitun,111600,1881000000
255,392,316,Butuh uang,1984-04-30,2005,Merah bata,154700,801000000
256,431,132,Jual mobil bagus,1986-07-31,2022,Biru dongker,93900,845000000
257,398,61,Jual mobil second,2004-01-31,2002,Biru,21800,978000000
258,113,130,Jual cepat,2011-05-17,1977,Biru dongker,191400,1721000000
259,350,157,Jual mobil second,2010-05-27,1978,Hijau muda,93000,493000000
260,213,278,Jual mobil bagus,2023-01-13,1975,Hijau muda,25400,585000000
261,618,279,Jual mobil bagus,1997-05-22,2013,Hijau tua,176400,1769000000
262,250,180,Jual mobil,2012-06-17,2001,Coklat,86900,1971000000
263,403,329,Jual mobil bagus,1978-08-15,1970,Putih,172500,1424000000
264,244,225,Butuh uang,1999-03-15,1972,Hijau tua,143900,897000000
265,58,240,Jual mobil,2018-04-24,2018,Merah jambu,5500,1537000000
266,354,58,Butuh uang,2010-06-22,1980,Hijau tua,40600,1955000000
267,154,103,Jual mobil second,1978-02-10,2015,Zaitun,156900,302000000
268,125,344,Butuh uang,1984-11-14,1982,Kuning,92600,697000000
269,599,193,Butuh uang,1980-11-10,2003,Coklat tua,119600,1078000000
270,404,177,Jual mobil,2022-05-20,1982,Perak,103200,1946000000
271,587,10,Jual cepat,2005-05-30,2000,Merah,147300,335000000
272,224,159,Jual mobil second,2009-03-06,1989,Hijau tua,24700,1494000000
273,331,202,Jual murah,1985-01-21,1971,Hijau,4900,246000000
274,394,313,Butuh uang,1970-05-16,2007,Coklat,57500,1420000000
275,695,179,Butuh uang,1976-03-05,1983,Biru dongker,106700,1679000000
276,93,319,Butuh uang,1979-11-28,1984,Biru muda,136300,1477000000
277,648,78,Butuh uang,1970-02-01,2016,Biru laut,86200,1454000000
278,335,87,Jual mobil,2016-05-20,1996,Hijau muda,98300,210000000
279,429,151,Jual murah,1992-09-06,2018,Biru dongker,182500,714000000
280,371,39,Butuh uang,2004-11-02,1978,Perak,25900,848000000
281,52,48,Jual mobil,1982-10-02,2003,Kuning,176300,1233000000
282,178,356,Jual mobil second,1973-12-06,2014,Merah jambu,71300,1688000000
283,403,65,Jual cepat,1984-01-22,1981,Coklat,4800,588000000
284,547,256,Jual murah,1978-06-13,1983,Hijau,172100,1995000000
285,191,125,Jual mobil bagus,2013-01-19,2008,Coklat,8500,320000000
286,445,123,Jual mobil,1988-09-07,1988,Emas,183800,1920000000
287,561,71,Jual cepat,1988-02-10,2005,Ungu tua,194700,1907000000
288,125,282,Jual mobil second,2017-05-02,1975,Nila,65100,602000000
289,640,301,Jual mobil second,1976-06-07,2003,Merah,47400,1210000000
290,468,212,Butuh uang,2009-01-22,1988,Biru laut,56400,1801000000
291,603,259,Jual mobil,1984-03-16,1989,Hitam,106500,1141000000
292,407,181,Jual mobil second,1997-02-15,2001,Hitam,48700,1048000000
293,469,247,Jual murah,2018-09-24,1982,Coklat tua,52500,940000000
294,588,267,Butuh uang,1979-07-25,1972,Biru,149000,279000000
295,292,216,Jual murah,2007-09-25,2003,Hijau muda,174500,566000000
296,48,186,Jual mobil bagus,1971-05-01,2021,Abu-abu,45700,220000000
297,692,122,Jual mobil second,1977-10-08,1976,Hitam,90000,836000000
298,447,127,Jual murah,2006-10-28,2001,Merah bata,186900,1434000000
299,70,295,Jual mobil,2004-05-08,1978,Koral,185300,1774000000
300,105,336,Jual mobil bagus,1993-11-07,2016,Abu-abu,154900,439000000
301,241,136,Jual cepat,1998-12-04,2015,Emas,136400,1280000000
302,346,141,Jual murah,1973-06-08,2013,Hitam,69500,302000000
303,414,51,Jual murah,1987-01-21,2009,Merah bata,194100,480000000
304,94,18,Jual murah,2008-03-07,1985,Magenta,66900,1997000000
305,650,55,Jual mobil,1983-01-05,2012,Merah marun,146300,306000000
306,86,178,Jual mobil bagus,1985-12-08,2009,Hijau tua,7700,1130000000
307,144,339,Jual murah,2010-10-02,2002,Koral,164800,336000000
308,219,113,Jual cepat,2018-11-16,2016,Koral,114800,612000000
309,170,81,Jual murah,1994-05-16,2015,Biru,101900,702000000
310,485,249,Jual mobil second,1997-04-08,1974,Putih,92200,1951000000
311,454,353,Jual mobil,2001-01-08,2005,Kuning,1200,1141000000
312,219,149,Butuh uang,2012-11-05,1999,Magenta,12200,1069000000
313,188,304,Jual mobil,1997-12-30,2006,Kuning,53500,211000000
314,584,355,Jual cepat,2012-02-19,1986,Putih,95100,962000000
315,606,354,Jual mobil bagus,2021-12-17,1979,Biru muda,107500,835000000
316,162,137,Jual mobil bagus,1996-07-22,1989,Ungu,191000,541000000
317,430,239,Jual mobil,1980-03-19,1972,Hijau,76800,942000000
318,17,346,Jual mobil second,2019-04-21,2010,Nila,122800,529000000
319,610,16,Butuh uang,1993-08-02,1984,Hijau,106100,156000000
320,427,203,Jual mobil second,2006-02-04,1992,Merah,86700,511000000
321,522,289,Jual cepat,2001-07-09,2016,Merah bata,152400,1639000000
322,359,51,Jual mobil bagus,1974-03-04,1989,Hitam,173100,428000000
323,659,257,Jual cepat,2009-07-27,2020,Biru,68600,885000000
324,606,125,Jual cepat,1987-11-26,2003,Merah,159200,1638000000
325,410,50,Jual murah,2014-05-02,2023,Hijau muda,97600,1195000000
326,508,232,Jual mobil,1978-03-13,2022,Merah marun,103400,1113000000
327,661,73,Butuh uang,1986-01-30,1982,Merah bata,25300,1168000000
328,658,321,Jual mobil second,1992-02-18,1983,Hijau tua,79100,1559000000
329,378,331,Butuh uang,1975-08-27,2009,Biru muda,146300,1258000000
330,604,220,Jual mobil,1976-03-26,2010,Perak,99500,1184000000
331,666,90,Jual cepat,1981-04-29,2003,Zaitun,42700,1670000000
332,595,74,Jual mobil,1976-07-08,1976,Merah jambu,81400,245000000
333,76,75,Jual murah,2017-10-17,1971,Ungu,13900,1121000000
334,443,324,Jual mobil second,1982-10-25,2004,Ungu tua,151300,968000000
335,112,220,Butuh uang,2019-10-13,1975,Biru laut,67200,1438000000
336,173,340,Jual mobil bagus,1982-06-14,1974,Biru dongker,99300,376000000
337,531,323,Jual mobil second,2007-07-08,1976,Magenta,189200,1105000000
338,341,90,Jual cepat,2003-11-07,2008,Hitam,81100,417000000
339,439,6,Jual mobil bagus,1972-06-08,1995,Merah marun,43300,965000000
340,323,177,Jual mobil,2007-06-19,1997,Kuning,151600,520000000
341,247,214,Jual mobil bagus,1991-06-04,2002,Hijau tua,79800,720000000
342,121,134,Jual cepat,1983-11-09,1997,Biru,165700,1619000000
343,177,191,Jual mobil second,2018-11-07,1993,Biru muda,150000,1162000000
344,282,235,Jual mobil bagus,1985-12-19,2020,Putih,59600,810000000
345,277,237,Jual cepat,1979-11-20,1993,Coklat,193100,510000000
346,208,281,Jual cepat,1995-06-26,1992,Ungu,169400,1829000000
347,301,311,Jual cepat,1975-11-06,2010,Hijau,77800,565000000
348,449,229,Jual cepat,1988-12-24,2009,Merah bata,123500,1046000000
349,112,69,Butuh uang,1987-08-15,2004,Coklat tua,54800,1625000000
350,494,274,Jual mobil bagus,1995-02-15,1977,Abu-abu,187600,978000000
351,692,117,Jual murah,1994-04-10,1991,Merah marun,114700,1920000000
352,642,131,Jual murah,1991-12-21,2019,Hitam,122600,930000000
353,99,12,Jual murah,1991-02-22,2016,Biru,96500,349000000
354,374,314,Jual mobil,2000-12-27,2001,Biru muda,93600,1537000000
355,238,141,Jual mobil,1994-03-11,1985,Coklat,163500,1955000000
356,136,35,Jual mobil second,1980-06-19,2012,Merah jambu,7800,1431000000
357,212,264,Jual mobil second,2022-12-11,2016,Kuning,144700,1283000000
358,283,114,Jual mobil second,2007-06-21,1983,Zaitun,44600,1658000000
359,640,76,Butuh uang,1983-11-17,1971,Abu-abu,72800,441000000
360,647,242,Jual cepat,1970-06-26,1977,Merah marun,54000,1171000000
361,202,37,Jual mobil bagus,2021-02-01,2004,Merah bata,170100,1591000000
362,37,63,Jual mobil bagus,1998-10-21,1972,Perak,165400,345000000
363,325,166,Jual mobil second,1995-12-26,2006,Jingga,45300,782000000
364,623,180,Jual cepat,2015-09-13,2022,Hijau,33500,1334000000
365,104,10,Jual mobil bagus,2020-02-10,1992,Emas,77800,1000000000
366,11,231,Jual cepat,2011-10-20,1979,Merah marun,19900,730000000
367,222,249,Jual murah,2003-11-09,1990,Biru muda,29100,1350000000
368,327,324,Jual cepat,2009-02-23,1989,Merah bata,194600,1853000000
369,126,104,Jual mobil,1976-07-17,2011,Ungu,145000,397000000
370,144,265,Jual mobil second,1999-09-01,1983,Ungu tua,60900,700000000
371,530,234,Jual cepat,2006-03-13,2021,Coklat,43100,1777000000
372,479,49,Butuh uang,2017-12-08,1972,Hijau muda,38000,485000000
373,308,305,Jual mobil,2020-08-21,1986,Merah bata,32100,653000000
374,319,234,Butuh uang,1971-07-29,1983,Merah jambu,80400,264000000
375,687,153,Jual cepat,1977-10-02,1981,Biru dongker,189100,1931000000
376,83,44,Butuh uang,2012-09-15,2021,Merah marun,10300,1715000000
377,216,112,Jual mobil second,1985-07-10,1976,Ungu tua,176500,1346000000
378,34,200,Jual murah,2022-10-22,1985,Biru,54400,1331000000
379,90,172,Butuh uang,2005-06-16,1979,Koral,60300,1803000000
380,121,100,Jual mobil second,1978-07-26,2014,Biru laut,86100,348000000
381,77,278,Jual mobil,1987-01-07,2011,Magenta,65200,1645000000
382,618,217,Butuh uang,2012-04-20,2003,Magenta,49200,205000000
383,420,233,Jual cepat,2021-01-18,2013,Ungu tua,95700,154000000
384,283,56,Jual cepat,2001-08-31,2012,Coklat,147400,585000000
385,9,214,Jual mobil second,1989-02-16,2018,Ungu tua,162100,475000000
386,58,33,Jual cepat,2000-03-22,1987,Merah jambu,165100,1392000000
387,28,14,Jual murah,1980-06-02,2021,Biru dongker,91900,1115000000
388,284,57,Jual mobil,1995-01-14,1989,Coklat,187900,556000000
389,218,271,Butuh uang,2022-08-04,1970,Ungu,12000,1867000000
390,275,313,Jual cepat,2016-02-20,1988,Biru muda,194800,1054000000
391,209,104,Jual mobil second,1990-01-20,2006,Biru,136900,1858000000
392,309,233,Jual mobil bagus,2014-04-09,1994,Merah jambu,166200,1281000000
393,552,33,Jual mobil second,1999-04-16,1986,Hitam,41100,970000000
394,363,128,Jual murah,2007-06-29,1977,Biru,146900,1018000000
395,43,35,Jual murah,2005-07-22,1988,Magenta,66100,1824000000
396,621,296,Jual mobil bagus,2011-01-17,1987,Merah jambu,20900,1421000000
397,603,40,Jual mobil bagus,1997-03-05,2018,Ungu tua,159600,1557000000
398,603,170,Jual mobil second,1999-03-10,1994,Jingga,38000,463000000
399,646,31,Butuh uang,1981-12-28,1977,Biru muda,43400,835000000
400,463,231,Jual mobil,1981-08-30,2012,Abu-abu,24700,1260000000
401,652,315,Jual murah,2002-11-20,1994,Nila,133300,491000000
402,127,224,Jual mobil,1992-07-03,2018,Koral,49100,1077000000
403,564,61,Jual mobil,2012-12-29,1972,Putih,143300,618000000
404,63,278,Jual murah,1983-02-13,2013,Biru muda,176300,1675000000
405,455,223,Jual murah,1993-10-11,1990,Merah marun,192100,1092000000
406,511,209,Jual mobil,2021-06-07,1999,Emas,100000,870000000
407,61,14,Jual murah,1992-01-02,2008,Merah jambu,11300,637000000
408,204,72,Butuh uang,1978-06-14,2009,Ungu tua,198300,1193000000
409,312,304,Jual mobil,1977-04-06,1986,Biru dongker,97400,1055000000
410,613,213,Jual mobil,1987-09-22,1985,Coklat tua,172100,1576000000
411,557,135,Jual murah,1997-11-17,2008,Merah bata,139600,1093000000
412,622,278,Jual mobil bagus,1990-11-27,2018,Biru dongker,199000,1658000000
413,225,236,Jual mobil bagus,2011-07-06,1973,Merah jambu,63900,1491000000
414,429,195,Jual mobil,2016-02-13,1976,Biru dongker,151100,375000000
415,67,209,Butuh uang,2017-08-20,1985,Zaitun,134600,1111000000
416,433,331,Jual mobil bagus,1973-08-06,1989,Biru laut,72300,344000000
417,167,25,Jual cepat,1981-10-30,1989,Coklat tua,129900,986000000
418,170,335,Jual mobil bagus,1988-02-18,1970,Hijau,106900,1386000000
419,589,314,Jual mobil,2003-04-11,1997,Biru muda,14900,1023000000
420,229,355,Jual mobil bagus,2022-08-31,1976,Kuning,88700,997000000
421,474,20,Jual mobil bagus,2000-04-30,2020,Zaitun,195000,1840000000
422,622,237,Jual mobil bagus,2019-04-11,1989,Hitam,95600,1992000000
423,579,143,Jual murah,2017-01-24,2016,Hijau,137900,626000000
424,74,312,Jual mobil bagus,2011-05-08,2010,Perak,103500,1324000000
425,582,200,Jual mobil bagus,1979-04-01,2004,Hijau muda,56200,707000000
426,94,154,Jual mobil,2012-05-25,2011,Abu-abu,8300,990000000
427,555,138,Jual mobil second,2001-06-23,2011,Coklat tua,64500,1310000000
428,126,323,Jual mobil second,2013-06-25,1997,Merah marun,139300,1479000000
429,183,348,Butuh uang,2020-01-23,2016,Abu-abu,141800,107000000
430,483,322,Butuh uang,1985-08-29,1988,Jingga,199400,1556000000
431,193,250,Jual mobil bagus,2003-12-02,1973,Kuning,50600,346000000
432,617,250,Jual mobil bagus,2007-10-18,1989,Kuning,110000,311000000
433,62,168,Jual mobil bagus,1991-01-13,1996,Ungu,149900,978000000
434,30,144,Jual cepat,2012-05-09,1975,Magenta,25100,111000000
435,203,34,Jual murah,2005-04-14,1970,Coklat,154500,295000000
436,7,316,Butuh uang,1989-09-07,1983,Kuning,4100,390000000
437,296,258,Jual mobil second,1990-01-11,2014,Jingga,101000,903000000
438,60,174,Butuh uang,1984-04-13,2014,Hijau,15700,1393000000
439,310,221,Jual mobil,1981-07-29,1993,Jingga,108500,1839000000
440,509,127,Jual mobil,1983-05-05,2022,Koral,41700,177000000
441,393,130,Jual mobil,2005-11-27,1997,Emas,179500,1656000000
442,216,278,Jual cepat,2014-09-29,1982,Ungu tua,110500,1623000000
443,608,69,Jual mobil second,1995-02-08,1972,Emas,116200,131000000
444,468,74,Jual mobil,2003-10-22,1978,Abu-abu,182700,1788000000
445,530,328,Jual mobil bagus,1995-05-09,1978,Coklat tua,108700,562000000
446,220,140,Jual murah,2003-11-06,2018,Ungu tua,128200,448000000
447,530,17,Jual mobil,2002-08-04,2009,Coklat tua,155800,1832000000
448,683,102,Butuh uang,1983-06-17,2006,Hitam,92600,1620000000
449,69,34,Butuh uang,2005-11-26,1996,Coklat,12900,130000000
450,153,197,Jual murah,1992-08-16,2016,Merah marun,42000,1408000000
451,365,200,Jual mobil second,1986-05-24,1999,Zaitun,179200,1054000000
452,65,70,Butuh uang,1996-06-02,1986,Biru,6400,1046000000
453,159,216,Jual murah,1992-06-04,1980,Hijau tua,155900,1697000000
454,300,88,Jual cepat,1971-12-27,1983,Emas,47400,1406000000
455,241,3,Jual mobil second,1988-04-08,1982,Emas,101500,1145000000
456,555,75,Jual cepat,2007-12-06,1972,Merah bata,87800,1682000000
457,675,33,Butuh uang,1972-09-13,1989,Merah bata,74900,1678000000
458,440,173,Jual mobil bagus,2013-08-04,2002,Hijau,95400,805000000
459,459,226,Jual cepat,1992-06-05,2002,Ungu,35700,1690000000
460,85,162,Jual cepat,1978-11-02,1991,Jingga,162300,802000000
461,146,116,Jual mobil,1984-09-09,2000,Perak,99800,503000000
462,75,294,Jual mobil bagus,2021-01-10,2021,Merah,152100,1967000000
463,269,350,Jual murah,1984-02-28,1999,Zaitun,77000,410000000
464,431,37,Jual mobil bagus,2010-01-31,2008,Biru dongker,52100,1430000000
465,678,77,Jual mobil,2013-11-18,1983,Koral,157600,961000000
466,52,225,Jual mobil bagus,1986-11-17,1990,Abu-abu,80500,950000000
467,664,184,Jual mobil,1976-07-27,2012,Emas,81500,129000000
468,24,166,Butuh uang,2010-05-08,1982,Biru,148100,827000000
469,618,36,Jual mobil,2002-07-14,1981,Biru laut,101300,562000000
470,508,78,Jual cepat,1970-12-13,2010,Hijau,124800,1103000000
471,286,157,Jual cepat,1983-02-22,2010,Merah marun,136300,1390000000
472,299,213,Jual cepat,1986-02-02,1999,Ungu tua,133800,1540000000
473,277,273,Jual mobil bagus,2008-01-03,2005,Hijau tua,74300,1014000000
474,267,236,Jual mobil second,1993-03-19,2013,Biru,152800,1549000000
475,121,35,Jual mobil second,1986-11-15,2018,Biru,122700,1707000000
476,81,178,Jual cepat,1984-04-10,1985,Nila,150100,383000000
477,320,42,Jual cepat,2022-07-08,1974,Coklat,48900,1801000000
478,424,48,Butuh uang,1974-04-16,2017,Jingga,158100,395000000
479,42,165,Butuh uang,1984-06-02,1993,Nila,144800,711000000
480,636,330,Jual mobil bagus,2000-01-22,1971,Hitam,158300,1634000000
481,355,277,Jual mobil second,2022-01-14,2002,Kuning,54100,1097000000
482,477,203,Jual mobil second,1996-08-06,2021,Zaitun,70100,1647000000
483,399,146,Jual mobil,1993-01-25,2013,Biru muda,194900,1027000000
484,405,328,Jual mobil second,2001-05-10,1970,Jingga,151700,1685000000
485,435,104,Butuh uang,1987-04-12,1978,Hijau tua,186400,780000000
486,281,61,Jual mobil second,2011-09-30,2012,Merah bata,179700,1959000000
487,340,266,Jual mobil bagus,2008-03-31,1984,Perak,149600,931000000
488,232,308,Jual mobil,2006-06-23,1995,Zaitun,140600,317000000
489,30,340,Jual cepat,2001-08-22,1981,Coklat,78100,113000000
490,416,89,Jual cepat,1979-03-15,2017,Biru dongker,68600,1108000000
491,60,175,Jual cepat,1983-06-10,2004,Koral,178400,557000000
492,635,112,Jual murah,1999-01-02,2017,Ungu,86700,1767000000
493,547,160,Jual murah,1974-12-18,2007,Biru muda,114400,1702000000
494,347,257,Butuh uang,2022-06-23,1978,Biru dongker,174800,1326000000
495,336,269,Jual mobil,2016-07-10,2002,Biru laut,1400,1248000000
496,357,295,Jual cepat,2019-04-25,1982,Coklat,7900,257000000
497,480,61,Jual mobil second,1979-12-10,1984,Abu-abu,198300,1164000000
498,95,71,Butuh uang,1985-09-24,2017,Kuning,96600,537000000
499,673,284,Jual mobil bagus,2021-05-09,1999,Koral,178400,968000000
500,149,337,Jual mobil,1970-12-31,1986,Kuning,189900,1914000000
501,424,245,Jual mobil second,1988-05-07,2018,Merah bata,137500,195000000
502,476,300,Jual mobil bagus,2022-11-19,2020,Hijau,32200,1010000000
503,16,141,Jual mobil,1978-04-04,2003,Perak,47400,1345000000
504,66,117,Jual mobil bagus,2002-01-29,2003,Perak,163700,458000000
505,514,122,Jual cepat,1995-12-02,1971,Magenta,49200,277000000
506,87,14,Jual mobil bagus,2003-05-23,2007,Jingga,18800,121000000
507,8,120,Jual mobil second,2010-06-23,1996,Emas,98300,1438000000
508,357,268,Butuh uang,2008-05-19,1994,Emas,173100,1629000000
509,541,190,Jual mobil bagus,1982-03-01,1991,Magenta,108700,1232000000
510,322,184,Butuh uang,2018-08-23,1999,Kuning,183900,1150000000
511,491,78,Jual mobil,1976-08-22,2004,Ungu tua,38800,1793000000
512,197,164,Butuh uang,2012-01-18,1988,Merah bata,17900,919000000
513,94,257,Jual mobil bagus,2001-05-19,2011,Biru,157000,682000000
514,406,212,Jual murah,1985-09-27,1987,Merah jambu,89000,1303000000
515,367,332,Butuh uang,2005-04-19,1996,Hitam,127500,727000000
516,553,206,Jual mobil second,2000-01-07,2008,Biru dongker,39800,652000000
517,24,48,Butuh uang,2001-07-04,1985,Coklat,52100,1446000000
518,431,303,Jual cepat,2016-11-21,1980,Putih,108200,1292000000
519,629,162,Jual mobil second,1999-11-14,1994,Ungu tua,101900,901000000
520,450,234,Jual cepat,1985-05-08,2014,Koral,32300,723000000
521,503,135,Jual mobil second,2005-05-17,2003,Ungu tua,58300,1176000000
522,656,40,Jual mobil bagus,1983-03-13,1987,Hijau,143700,1859000000
523,386,279,Jual mobil,1972-04-18,1997,Hijau muda,77500,278000000
524,64,208,Jual mobil,2003-08-29,2012,Biru,10700,198000000
525,683,117,Jual murah,1984-04-15,2007,Merah jambu,122400,1253000000
526,95,175,Butuh uang,1997-12-04,2010,Putih,43200,165000000
527,31,213,Jual mobil,1984-06-30,2016,Hijau,52000,1790000000
528,465,315,Jual mobil,2004-05-08,1992,Merah bata,101400,1057000000
529,126,106,Jual mobil second,2016-11-11,1991,Hitam,90200,1975000000
530,55,92,Jual cepat,2005-06-27,1992,Biru laut,29800,1075000000
531,279,94,Butuh uang,1970-08-09,1973,Merah bata,58500,1270000000
532,144,356,Jual cepat,1985-04-10,2020,Biru laut,20200,1053000000
533,561,350,Jual cepat,2000-06-05,1978,Merah,189200,938000000
534,630,95,Butuh uang,1989-06-24,2011,Merah bata,31500,1413000000
535,8,103,Jual murah,1983-08-12,1992,Hijau muda,54200,1072000000
536,544,224,Jual mobil bagus,1995-09-28,1985,Biru dongker,91800,1532000000
537,605,240,Jual murah,1995-11-19,2019,Coklat tua,175400,400000000
538,116,39,Jual murah,1993-07-21,2022,Hijau muda,82000,1816000000
539,267,46,Jual mobil bagus,2003-07-20,2017,Putih,167900,954000000
540,465,236,Jual cepat,1989-06-25,2010,Hitam,194500,607000000
541,346,243,Jual mobil bagus,2008-01-29,1990,Coklat tua,108900,1290000000
542,557,55,Jual murah,1999-12-03,1999,Hijau tua,153700,1141000000
543,346,183,Jual mobil bagus,1975-04-27,1989,Putih,96300,1821000000
544,444,342,Jual mobil bagus,1991-01-28,2008,Hitam,190400,1751000000
545,193,247,Jual murah,2019-07-04,1970,Putih,180500,1168000000
546,325,7,Jual cepat,1979-11-19,2007,Hijau tua,13900,1373000000
547,382,164,Jual mobil second,1999-11-10,2018,Ungu tua,100700,1673000000
548,347,211,Jual murah,2012-12-10,1982,Coklat,87800,1247000000
549,577,70,Jual cepat,2016-06-08,1996,Merah bata,180700,941000000
550,261,49,Jual mobil second,1977-10-15,1974,Hijau,174600,812000000
551,277,317,Jual cepat,1992-06-20,2014,Hijau tua,38400,622000000
552,522,163,Butuh uang,1976-03-12,1986,Jingga,136000,1988000000
553,146,179,Jual murah,2016-04-05,1988,Nila,147500,1328000000
554,411,111,Jual murah,1986-04-18,1983,Ungu tua,184700,1165000000
555,358,82,Jual mobil second,2021-01-20,1996,Hitam,120100,1145000000
556,316,269,Jual mobil bagus,2013-09-13,2002,Merah,75700,400000000
557,163,133,Jual murah,1999-04-16,2011,Merah jambu,85900,1121000000
558,114,120,Jual murah,1987-08-17,1976,Emas,61600,207000000
559,697,32,Jual cepat,1975-06-13,2002,Merah marun,181900,945000000
560,374,35,Jual cepat,1999-12-30,1970,Merah marun,108400,267000000
561,694,70,Butuh uang,2009-02-17,2022,Hijau,36700,1317000000
562,211,337,Butuh uang,2021-10-14,1983,Emas,169600,658000000
563,528,287,Jual mobil bagus,1979-10-30,1986,Perak,129700,948000000
564,303,16,Jual murah,1981-12-15,1971,Biru laut,104600,1436000000
565,244,283,Jual cepat,1978-12-19,1998,Zaitun,27300,222000000
566,616,148,Jual murah,1990-06-15,1993,Merah bata,83200,903000000
567,512,160,Jual cepat,1999-11-17,1982,Emas,112200,1602000000
568,454,114,Jual mobil bagus,1976-07-12,1997,Biru laut,152100,1581000000
569,647,134,Jual cepat,1992-03-16,1981,Hijau,42200,1394000000
570,683,235,Jual cepat,1996-07-28,1981,Koral,101400,698000000
571,445,344,Jual murah,2013-07-04,1988,Hitam,147900,1941000000
572,660,168,Jual cepat,2007-02-07,2016,Biru dongker,190900,1700000000
573,418,136,Jual cepat,1996-02-08,2012,Coklat tua,49800,1663000000
574,308,13,Jual mobil,2009-09-23,1989,Coklat,89800,1911000000
575,208,225,Jual mobil bagus,2002-01-16,1979,Kuning,4600,1898000000
576,127,327,Butuh uang,1990-04-05,2010,Ungu tua,100200,338000000
577,566,26,Jual mobil second,2020-02-28,2004,Emas,8100,784000000
578,364,223,Jual mobil second,2000-02-05,1974,Hitam,91600,274000000
579,150,145,Jual mobil,2003-09-22,1986,Perak,130900,116000000
580,615,182,Jual mobil,1971-10-16,1979,Merah jambu,172000,1316000000
581,644,316,Jual mobil,2001-05-28,1978,Jingga,152800,1438000000
582,286,39,Jual cepat,2021-09-29,2021,Biru dongker,187500,1465000000
583,40,222,Jual mobil bagus,1984-10-23,2005,Emas,96900,1665000000
584,261,104,Jual murah,2013-02-24,2002,Coklat tua,129300,493000000
585,471,148,Jual mobil second,2012-09-21,1977,Biru muda,136700,1197000000
586,610,221,Jual mobil,1978-05-13,1995,Merah bata,37900,121000000
587,544,206,Jual mobil second,1990-10-30,2005,Hitam,91800,1284000000
588,178,48,Jual mobil bagus,2015-02-15,1971,Zaitun,131800,1206000000
589,316,261,Jual mobil bagus,1986-04-11,2010,Biru,186500,350000000
590,656,250,Jual mobil bagus,2000-12-26,1988,Biru muda,193200,847000000
591,156,256,Jual mobil bagus,1986-03-03,2009,Biru dongker,75900,1915000000
592,9,176,Jual mobil bagus,2008-06-22,2015,Hijau,186100,157000000
593,12,55,Butuh uang,1976-10-25,1974,Merah jambu,115200,1584000000
594,67,72,Jual murah,1972-04-17,1970,Perak,62800,1609000000
595,403,207,Jual cepat,1985-01-09,1972,Biru laut,50000,1657000000
596,423,188,Jual mobil second,1974-06-05,1978,Kuning,68400,1956000000
597,373,240,Jual cepat,2010-11-24,1994,Biru,35100,1395000000
598,600,74,Jual mobil bagus,1995-06-16,1991,Merah,155600,1934000000
599,23,238,Jual murah,1990-08-08,1973,Merah jambu,142300,1188000000
600,316,168,Jual cepat,1971-04-18,1976,Merah,171200,487000000
601,678,308,Jual mobil,2021-07-14,1994,Emas,28300,436000000
602,40,287,Jual mobil second,1988-03-13,2011,Emas,186300,832000000
603,627,60,Jual murah,1977-11-24,2011,Hitam,8500,350000000
604,430,19,Butuh uang,1996-01-14,1989,Hijau,22400,451000000
605,565,286,Jual mobil,1999-11-15,2021,Zaitun,159400,1785000000
606,433,111,Jual mobil second,1983-04-17,2019,Coklat,8000,412000000
607,514,215,Jual mobil second,2019-09-15,1993,Hijau,114500,872000000
608,633,354,Jual murah,1995-10-05,2006,Kuning,14800,1818000000
609,671,237,Jual cepat,1986-01-29,1970,Merah jambu,70100,662000000
610,434,262,Jual mobil bagus,2016-07-28,1993,Hitam,55400,1192000000
611,292,264,Jual murah,2014-09-27,2016,Merah bata,5200,517000000
612,495,329,Jual mobil second,2011-04-01,1999,Zaitun,132800,903000000
613,624,200,Jual mobil bagus,2007-09-18,2020,Nila,44100,1477000000
614,111,229,Jual mobil,1988-07-02,2017,Merah,121700,1267000000
615,133,257,Jual mobil bagus,2005-01-10,2007,Merah,101600,352000000
616,381,190,Jual mobil bagus,1998-12-27,1977,Emas,46500,219000000
617,151,266,Butuh uang,1978-11-10,2021,Hijau muda,52800,1211000000
618,434,201,Jual mobil,1985-05-20,1987,Nila,83800,672000000
619,241,157,Jual mobil,2023-04-28,1985,Hijau,85200,504000000
620,292,345,Jual mobil,1995-05-30,1992,Ungu tua,19500,138000000
621,648,270,Jual mobil second,1986-09-27,2013,Merah jambu,12600,157000000
622,544,241,Jual mobil,1978-12-23,1979,Nila,140200,1708000000
623,469,148,Jual mobil second,1977-08-14,1989,Koral,101900,455000000
624,359,165,Jual mobil,2008-03-11,2009,Kuning,25600,731000000
625,238,134,Jual murah,2007-11-02,1971,Ungu tua,136000,1344000000
626,561,27,Jual murah,1975-08-03,1971,Merah,44000,1364000000
627,295,203,Jual cepat,1979-09-26,1982,Hijau tua,83900,304000000
628,683,75,Jual cepat,1976-04-26,1979,Hijau,140100,1385000000
629,211,82,Jual cepat,2017-01-12,2017,Merah,42700,497000000
630,14,48,Jual mobil bagus,1973-01-10,1972,Magenta,176200,1795000000
631,189,180,Jual mobil bagus,2022-09-21,1982,Abu-abu,19900,878000000
632,94,86,Jual mobil bagus,2008-11-16,2004,Putih,88400,931000000
633,504,228,Jual mobil,1980-01-16,1981,Abu-abu,124500,1379000000
634,237,33,Jual cepat,2015-03-12,1981,Hijau,134600,400000000
635,324,351,Jual cepat,2001-12-31,1991,Merah bata,5900,811000000
636,60,344,Jual mobil,2021-08-22,2018,Zaitun,36400,670000000
637,135,305,Butuh uang,2022-07-25,2009,Biru muda,56100,500000000
638,398,228,Jual mobil second,2010-12-17,1986,Jingga,96100,1344000000
639,594,206,Jual mobil second,2018-06-15,2018,Hijau tua,99000,1074000000
640,23,171,Jual mobil,1996-12-12,1980,Hijau tua,133400,1592000000
641,111,71,Jual murah,1994-07-06,1989,Nila,130200,788000000
642,26,302,Butuh uang,2000-06-06,2010,Magenta,97200,1383000000
643,511,109,Jual murah,2004-11-11,1979,Biru muda,185900,420000000
644,388,318,Butuh uang,1984-02-18,2004,Perak,43700,442000000
645,39,147,Jual mobil second,2008-08-25,1994,Merah jambu,62500,1078000000
646,302,138,Jual murah,1995-11-02,1993,Coklat,107500,1959000000
647,205,1,Jual murah,1978-09-19,2011,Merah,129600,1709000000
648,562,238,Jual murah,1999-03-07,2011,Emas,197400,539000000
649,232,134,Jual mobil second,1987-05-28,1983,Merah jambu,182900,543000000
650,642,106,Jual murah,2005-03-10,2018,Biru,3500,1844000000
651,435,114,Butuh uang,1975-03-07,1980,Kuning,30000,1600000000
652,372,107,Jual murah,2008-08-30,1972,Zaitun,199600,1298000000
653,365,51,Jual mobil,2019-09-10,2023,Biru laut,82800,1245000000
654,349,30,Jual mobil bagus,2022-08-20,2007,Merah bata,132200,801000000
655,241,132,Jual mobil second,2001-07-03,2013,Ungu tua,64800,849000000
656,72,153,Jual mobil second,1976-10-14,1977,Biru muda,81800,1576000000
657,432,152,Jual cepat,1991-08-27,1991,Jingga,190900,1926000000
658,76,284,Jual mobil,1994-04-18,1998,Biru muda,35700,880000000
659,405,30,Jual cepat,1985-09-27,1973,Merah marun,91900,438000000
660,117,227,Jual mobil,2005-07-14,1990,Magenta,196100,1316000000
661,36,353,Jual murah,1970-02-21,2011,Abu-abu,3900,170000000
662,210,99,Jual cepat,1989-03-02,2015,Merah marun,132200,1728000000
663,300,160,Jual murah,1983-01-31,1977,Abu-abu,147900,669000000
664,450,34,Jual murah,2004-01-16,1993,Biru muda,15300,880000000
665,227,167,Jual mobil second,2005-12-14,2004,Merah,8700,928000000
666,367,308,Butuh uang,1996-10-09,1987,Biru dongker,185800,1696000000
667,456,225,Jual mobil,1985-10-08,2003,Hijau tua,57600,163000000
668,196,299,Butuh uang,2022-07-16,2007,Putih,117700,458000000
669,82,212,Jual mobil bagus,1972-05-12,1998,Zaitun,187400,158000000
670,322,283,Butuh uang,2021-07-29,2006,Coklat,38300,537000000
671,526,145,Butuh uang,1976-04-28,2016,Hijau,23700,202000000
672,308,331,Jual mobil second,1975-07-05,2016,Coklat tua,152200,283000000
673,103,145,Jual murah,1971-12-24,1971,Merah bata,136100,732000000
674,376,75,Jual mobil second,1988-09-27,2012,Zaitun,24300,1028000000
675,364,16,Jual mobil,2004-08-30,2005,Biru muda,78000,1860000000
676,306,199,Jual mobil bagus,2012-03-10,1982,Nila,111600,192000000
677,570,41,Jual cepat,1994-11-01,2018,Biru,91400,112000000
678,654,95,Jual cepat,2021-02-22,1974,Putih,169900,786000000
679,23,242,Butuh uang,1973-02-18,2019,Hijau,66300,753000000
680,38,277,Jual mobil,1981-04-11,1987,Merah jambu,135000,1299000000
681,319,189,Butuh uang,2003-01-04,1979,Jingga,157200,1997000000
682,479,353,Butuh uang,2005-07-25,2016,Hitam,122100,1060000000
683,657,198,Jual mobil second,1978-11-08,1970,Merah,186800,218000000
684,577,202,Jual mobil second,1973-11-07,2017,Biru dongker,129700,1699000000
685,605,161,Jual cepat,1992-06-06,2018,Biru,160500,143000000
686,343,354,Jual murah,1992-01-19,2017,Biru muda,162900,773000000
687,332,192,Jual mobil,2012-04-27,1991,Merah,191800,626000000
688,325,219,Jual mobil bagus,1974-01-22,1978,Ungu tua,135800,1707000000
689,251,229,Jual mobil bagus,1994-02-24,2020,Hitam,12000,1292000000
690,346,209,Butuh uang,1990-02-11,2006,Ungu,76000,1809000000
691,556,238,Butuh uang,1990-07-02,1983,Hijau tua,142800,230000000
692,471,153,Jual mobil second,2014-08-27,2018,Perak,29000,158000000
693,308,159,Jual mobil bagus,1982-03-20,1986,Biru dongker,176900,599000000
694,219,314,Butuh uang,1991-02-02,2009,Zaitun,102600,977000000
695,405,64,Jual cepat,1997-09-26,2012,Perak,4800,608000000
696,517,344,Jual cepat,1974-12-18,1992,Biru dongker,43200,1419000000
697,109,77,Jual mobil second,1992-07-06,1984,Kuning,124700,822000000
698,8,199,Jual murah,1975-03-06,2018,Merah jambu,400,1660000000
699,682,81,Jual cepat,1975-11-10,1993,Nila,47400,1938000000
700,407,267,Butuh uang,2017-05-19,1979,Zaitun,38400,1339000000
701,192,69,Jual murah,2008-12-10,2018,Coklat,40900,1897000000
702,428,103,Jual murah,2006-04-12,2016,Biru,132100,1954000000
703,413,53,Jual mobil,1985-08-31,1974,Merah marun,3200,326000000
704,623,5,Jual mobil bagus,1976-11-09,1994,Magenta,100000,471000000
705,406,184,Jual mobil bagus,1982-07-07,1980,Biru laut,158200,405000000
706,64,266,Jual cepat,2004-08-19,1993,Perak,196700,1225000000
707,458,263,Jual mobil second,2017-10-21,2010,Merah marun,86100,486000000
708,576,38,Butuh uang,2022-03-21,1973,Ungu,130200,1860000000
709,43,316,Jual cepat,1978-03-30,2006,Coklat tua,166300,1140000000
710,467,174,Jual mobil second,2004-09-11,2019,Biru dongker,185700,1858000000
711,376,215,Jual mobil second,1994-02-02,2022,Biru muda,134400,622000000
712,489,103,Jual murah,2013-12-09,1974,Ungu tua,143500,639000000
713,67,163,Jual cepat,1973-04-19,1978,Hitam,15100,270000000
714,473,214,Jual mobil,1974-12-24,1988,Putih,174000,1791000000
715,222,124,Jual cepat,1998-05-02,2000,Putih,175800,1268000000
716,297,215,Butuh uang,1985-01-23,1982,Hijau,151400,1769000000
717,74,112,Jual mobil second,1981-07-20,1981,Ungu,120100,1017000000
718,234,270,Jual mobil,1987-12-16,1972,Coklat,148900,1008000000
719,501,207,Jual murah,1973-03-08,1996,Emas,189400,223000000
720,11,28,Jual murah,1993-10-22,1973,Merah jambu,157800,593000000
721,209,66,Jual mobil,2008-04-14,1985,Biru laut,179100,1350000000
722,608,238,Jual mobil bagus,1989-05-29,2004,Ungu tua,169900,1505000000
723,695,283,Butuh uang,2007-02-04,1973,Ungu tua,9200,989000000
724,663,4,Butuh uang,1999-06-01,2008,Hitam,190100,975000000
725,26,229,Jual mobil second,2012-12-01,1979,Biru laut,17800,1646000000
726,288,136,Jual mobil,1983-01-28,1975,Nila,129900,183000000
727,387,148,Jual murah,2007-06-01,1992,Zaitun,121000,1002000000
728,567,304,Jual murah,2000-03-06,1975,Hijau tua,31100,341000000
729,85,215,Jual cepat,1971-03-15,2002,Abu-abu,51100,1183000000
730,469,296,Jual mobil bagus,1997-12-27,1984,Coklat,88800,574000000
731,66,9,Jual mobil second,1975-08-29,2002,Zaitun,161100,1818000000
732,604,175,Butuh uang,2017-12-02,1987,Merah jambu,74300,1336000000
733,559,243,Butuh uang,2018-12-25,1986,Coklat tua,94600,989000000
734,48,55,Butuh uang,1980-05-16,1994,Ungu tua,124200,1809000000
735,492,103,Jual mobil bagus,1994-02-17,2011,Perak,177700,1886000000
736,478,90,Jual mobil,1978-08-25,2001,Coklat tua,115800,1924000000
737,335,313,Butuh uang,2008-08-27,2005,Merah bata,115600,138000000
738,608,286,Jual mobil second,1990-07-27,2017,Nila,27600,1811000000
739,337,78,Jual murah,2023-04-29,1973,Ungu,16800,1492000000
740,290,187,Jual mobil,2012-06-12,1976,Hijau tua,66300,389000000
741,490,118,Jual mobil,2006-06-11,1974,Jingga,94100,1754000000
742,379,167,Butuh uang,2004-09-02,2013,Koral,101200,1125000000
743,114,39,Jual mobil second,2022-12-04,1994,Emas,170200,1000000000
744,55,7,Jual mobil second,1987-04-01,1992,Putih,174500,565000000
745,282,20,Jual mobil second,1992-06-05,1993,Kuning,123900,545000000
746,350,161,Butuh uang,1974-12-17,1983,Kuning,126400,1801000000
747,29,3,Jual mobil second,2021-01-28,1984,Merah marun,20900,1243000000
748,209,75,Butuh uang,1981-07-27,1991,Ungu tua,59100,880000000
749,64,70,Butuh uang,2020-02-14,2021,Merah bata,900,1793000000
750,693,285,Jual mobil,1980-02-20,1982,Nila,154900,1164000000
751,654,218,Jual cepat,1980-06-22,2005,Nila,183900,638000000
752,399,31,Jual murah,1973-12-02,1996,Biru,36500,1069000000
753,7,183,Jual cepat,2017-07-31,2016,Merah,198600,638000000
754,641,301,Jual mobil second,1979-05-23,2005,Hijau tua,5600,820000000
755,83,49,Jual cepat,1997-07-11,1995,Merah marun,194500,1428000000
756,518,335,Butuh uang,2011-10-04,2001,Hijau tua,73300,1741000000
757,75,354,Jual mobil bagus,2007-09-15,2000,Hijau muda,18800,1206000000
758,269,146,Butuh uang,2002-09-28,2004,Ungu tua,126700,994000000
759,600,113,Jual mobil,1997-02-17,1997,Merah jambu,67100,363000000
760,136,29,Jual mobil second,1997-01-18,2018,Ungu tua,186500,786000000
761,493,79,Jual mobil bagus,2023-03-04,1997,Biru laut,166500,1802000000
762,96,215,Butuh uang,2012-11-19,2010,Magenta,77400,889000000
763,265,315,Jual cepat,2004-07-26,1986,Putih,98200,169000000
764,3,221,Jual mobil bagus,1990-01-17,2021,Zaitun,37200,1983000000
765,586,65,Jual murah,1986-09-09,2009,Merah marun,36500,1780000000
766,328,133,Jual mobil second,2005-09-02,1994,Kuning,84300,425000000
767,20,82,Jual murah,2021-08-12,1986,Hijau,85900,327000000
768,26,237,Jual mobil bagus,1987-03-03,1994,Putih,99900,1338000000
769,174,8,Butuh uang,1978-06-02,2006,Coklat tua,35500,1283000000
770,60,355,Jual mobil,1977-12-11,2004,Kuning,68800,1145000000
771,247,354,Jual cepat,1987-07-09,2005,Putih,112300,1614000000
772,494,111,Jual murah,1987-04-24,1979,Merah,185700,1961000000
773,182,189,Butuh uang,1990-12-27,2002,Nila,141600,115000000
774,216,242,Jual murah,1980-07-11,1992,Hitam,93300,424000000
775,588,86,Jual mobil,1970-02-27,2012,Ungu tua,89900,797000000
776,14,328,Jual cepat,1995-06-04,1993,Nila,54500,1739000000
777,65,20,Jual mobil bagus,1970-07-28,2021,Nila,96000,1348000000
778,604,166,Jual mobil second,2004-04-13,2014,Biru muda,147200,498000000
779,359,28,Jual mobil second,2014-05-07,2021,Merah,94600,1643000000
780,454,12,Jual mobil,1993-05-10,1985,Coklat,13900,335000000
781,464,146,Jual murah,1988-04-25,2004,Coklat tua,173300,802000000
782,378,86,Jual murah,2009-01-12,1976,Biru dongker,175200,398000000
783,423,215,Jual mobil bagus,1976-11-16,1995,Jingga,20100,1998000000
784,599,72,Jual mobil bagus,1986-02-23,1984,Ungu tua,94300,344000000
785,265,217,Jual cepat,2001-04-22,1992,Ungu tua,62100,932000000
786,644,197,Jual mobil second,1978-11-09,1993,Hijau muda,177000,1530000000
787,156,343,Jual mobil,1991-03-19,2006,Ungu,9500,194000000
788,565,141,Jual cepat,1992-09-11,1979,Coklat tua,0,1000000000
789,18,322,Jual mobil second,1977-12-19,2021,Merah marun,140700,168000000
790,14,86,Butuh uang,2000-01-23,1984,Coklat tua,12200,820000000
791,643,258,Jual mobil,2012-04-08,2006,Ungu,170800,856000000
792,695,85,Jual mobil bagus,2016-07-01,1983,Kuning,8700,191000000
793,663,222,Jual cepat,2004-01-03,2002,Magenta,11500,494000000
794,305,73,Jual murah,2000-03-08,2011,Biru laut,169100,1502000000
795,617,319,Jual mobil second,1982-10-21,1975,Jingga,169500,982000000
796,15,226,Jual mobil bagus,1978-06-11,2015,Biru dongker,10200,956000000
797,266,251,Jual cepat,1991-05-01,1999,Magenta,154400,543000000
798,289,122,Jual mobil bagus,1981-07-05,1977,Koral,93700,1925000000
799,675,249,Jual mobil bagus,1989-06-08,1998,Zaitun,96900,1218000000
800,533,109,Jual mobil bagus,2000-09-09,1986,Biru laut,178100,1728000000
801,563,235,Butuh uang,2014-09-18,1992,Hijau tua,108200,243000000
802,298,274,Butuh uang,1987-07-19,2003,Merah marun,72700,1786000000
803,82,69,Butuh uang,2010-03-07,2001,Ungu tua,198500,1765000000
804,342,215,Jual mobil second,2021-07-14,1995,Hijau tua,130500,275000000
805,296,120,Jual mobil,1989-03-19,1999,Perak,138200,1773000000
806,413,117,Jual murah,2015-09-19,2008,Magenta,163400,1050000000
807,58,74,Butuh uang,2007-12-24,1996,Merah marun,180100,1437000000
808,307,54,Butuh uang,1983-04-14,2002,Nila,181000,1543000000
809,418,199,Jual mobil bagus,1981-04-23,2013,Biru laut,153000,1120000000
810,443,217,Butuh uang,2001-02-14,1983,Hitam,141400,1391000000
811,378,151,Jual cepat,1982-04-16,2004,Koral,192400,1520000000
812,360,140,Jual cepat,2022-12-09,1996,Hijau,152000,437000000
813,570,121,Jual mobil bagus,2016-11-22,2008,Abu-abu,66100,146000000
814,299,313,Jual mobil second,1985-07-01,1980,Merah jambu,184600,1961000000
815,65,148,Jual mobil second,2020-03-27,2000,Hijau,3600,351000000
816,259,180,Jual mobil second,2021-07-06,1976,Hitam,22800,1121000000
817,465,341,Jual mobil bagus,1980-07-11,1992,Jingga,44200,1642000000
818,219,249,Jual mobil bagus,1992-04-19,2016,Merah marun,195800,1153000000
819,560,230,Jual mobil bagus,1990-04-10,1989,Perak,111100,224000000
820,672,216,Jual cepat,2014-12-16,1985,Biru dongker,67300,794000000
821,342,160,Jual mobil,1997-10-29,2003,Ungu,164400,460000000
822,244,213,Jual mobil,1985-12-15,1997,Hijau muda,194400,658000000
823,338,6,Butuh uang,1978-05-25,2018,Hijau tua,5600,1117000000
824,450,256,Jual cepat,1974-05-07,1984,Putih,16700,1659000000
825,162,316,Jual mobil,2012-01-04,1997,Koral,105800,1767000000
826,330,24,Butuh uang,1973-09-26,2017,Jingga,134200,705000000
827,482,230,Jual mobil second,1991-03-17,2011,Biru laut,124900,1427000000
828,493,150,Jual mobil bagus,1971-05-20,1982,Abu-abu,44200,1011000000
829,158,166,Jual murah,2005-02-16,2006,Nila,109500,1009000000
830,1,167,Jual mobil,2013-06-28,1994,Coklat tua,164000,1335000000
831,341,179,Jual mobil,2003-04-05,1971,Perak,152500,1909000000
832,664,206,Jual mobil second,1975-10-26,1991,Biru muda,142100,865000000
833,585,224,Jual mobil bagus,2013-03-31,2004,Biru laut,32800,402000000
834,248,27,Butuh uang,1976-07-29,1994,Ungu,30100,1688000000
835,108,203,Jual mobil bagus,1970-01-09,2019,Merah,34900,221000000
836,190,21,Jual mobil bagus,1981-08-11,2001,Hijau,71500,500000000
837,427,245,Jual cepat,1974-10-13,1998,Koral,53100,1551000000
838,98,175,Jual mobil,2005-10-28,2003,Kuning,13900,942000000
839,87,125,Jual mobil second,2019-01-22,2011,Hijau muda,144000,279000000
840,295,17,Jual cepat,1972-06-04,1987,Putih,54900,777000000
841,291,23,Butuh uang,1996-08-08,1982,Biru muda,129500,358000000
842,476,11,Jual mobil second,1997-07-14,1984,Hijau,136100,116000000
843,256,336,Jual cepat,2012-11-27,1991,Hijau,121700,204000000
844,396,80,Jual mobil bagus,2017-06-23,1981,Biru,177200,473000000
845,136,19,Jual mobil second,2002-12-25,2001,Biru laut,149400,1230000000
846,605,63,Butuh uang,1977-04-27,1986,Magenta,164600,396000000
847,574,20,Jual mobil second,1981-06-21,1971,Nila,64000,922000000
848,327,124,Jual mobil,2011-09-07,2013,Emas,34600,756000000
849,332,350,Jual murah,2020-07-10,2006,Zaitun,105600,1138000000
850,700,18,Jual cepat,1983-04-29,2018,Merah jambu,200,528000000
851,663,51,Jual murah,2021-10-31,1974,Koral,109700,1679000000
852,325,302,Jual mobil bagus,1977-06-04,2011,Nila,184900,1502000000
853,19,102,Jual murah,2011-04-27,1981,Hijau tua,55800,1946000000
854,572,118,Jual mobil bagus,1981-12-25,2004,Merah marun,45200,409000000
855,302,356,Jual murah,2000-06-20,1972,Biru dongker,62900,1657000000
856,642,310,Jual murah,1998-08-08,2006,Hijau tua,9200,1139000000
857,545,220,Jual mobil second,1977-10-01,1982,Koral,19400,1164000000
858,51,228,Butuh uang,1981-12-07,2023,Hitam,99400,444000000
859,313,8,Jual cepat,2010-05-21,1980,Perak,28900,329000000
860,524,175,Butuh uang,1997-12-06,2006,Ungu,54500,1668000000
861,116,6,Jual mobil,1977-06-02,2018,Merah bata,36400,710000000
862,570,168,Butuh uang,2009-04-01,1973,Hijau muda,76900,590000000
863,445,14,Jual murah,1979-02-01,2001,Merah jambu,28800,1384000000
864,269,118,Jual cepat,2022-10-22,1998,Koral,62700,203000000
865,47,265,Jual cepat,1986-04-12,1976,Abu-abu,110400,1763000000
866,88,44,Jual mobil bagus,2020-12-19,2017,Merah marun,195700,1875000000
867,148,115,Jual cepat,1976-11-14,1990,Emas,167300,763000000
868,198,328,Jual mobil,2021-01-15,2019,Hitam,60500,1207000000
869,218,32,Jual cepat,1995-07-18,2012,Biru laut,46100,1796000000
870,20,270,Jual mobil,1977-06-26,1990,Biru,163600,1386000000
871,693,165,Jual mobil second,2003-07-23,1980,Zaitun,84900,438000000
872,670,38,Jual murah,1999-03-22,1970,Emas,40600,1950000000
873,630,180,Jual mobil,2010-07-26,1976,Ungu tua,19300,188000000
874,151,234,Jual murah,2020-04-30,2008,Zaitun,145100,497000000
875,289,188,Jual murah,2021-05-13,1990,Coklat,12200,1933000000
876,270,228,Jual cepat,2006-09-29,1973,Nila,84400,1397000000
877,123,274,Jual mobil,1992-02-21,2016,Jingga,177800,432000000
878,456,308,Jual mobil bagus,1979-08-27,1985,Kuning,157300,1675000000
879,460,279,Jual mobil second,2023-01-18,1982,Biru laut,52300,907000000
880,418,285,Jual mobil second,2000-12-26,1973,Merah bata,157900,1950000000
881,653,199,Butuh uang,2002-02-21,1999,Hijau,26200,1493000000
882,103,340,Jual murah,2014-04-01,2007,Kuning,118400,418000000
883,433,93,Jual murah,2003-09-17,2001,Merah bata,103200,1739000000
884,636,257,Jual mobil,2020-12-15,1982,Hijau tua,19400,1587000000
885,469,6,Jual cepat,1987-05-24,1975,Abu-abu,180100,1389000000
886,22,234,Jual mobil bagus,1999-08-28,1978,Hijau tua,85600,542000000
887,56,205,Jual mobil,1970-11-08,1992,Emas,57600,1055000000
888,258,191,Jual mobil bagus,2006-10-22,1974,Koral,167900,1327000000
889,618,28,Jual mobil bagus,1983-04-24,1977,Biru,163800,317000000
890,280,298,Jual cepat,2011-12-18,1993,Biru,43600,1745000000
891,416,350,Jual cepat,2013-07-20,2009,Biru laut,25600,861000000
892,663,169,Jual mobil second,1997-08-30,1990,Biru muda,31800,1125000000
893,305,64,Jual mobil,2021-01-06,1987,Koral,31600,1222000000
894,470,251,Jual mobil second,1984-08-04,1997,Hijau tua,128300,259000000
895,111,250,Jual mobil,2006-02-15,1983,Zaitun,81800,1979000000
896,388,126,Jual mobil second,1984-06-22,1990,Merah bata,155700,1010000000
897,448,246,Jual mobil,2018-12-12,1980,Coklat tua,68300,1428000000
898,180,256,Butuh uang,1979-10-07,1984,Kuning,104700,1348000000
899,535,152,Jual murah,1980-06-08,1994,Hitam,4600,1937000000
900,574,319,Jual cepat,1983-08-06,1980,Merah marun,132000,1743000000
901,689,330,Jual mobil,1977-11-24,2020,Ungu,81800,1973000000
902,25,213,Jual cepat,1980-01-01,1998,Hijau,73500,1324000000
903,103,356,Jual mobil second,2015-04-20,2016,Perak,196500,925000000
904,636,324,Butuh uang,1982-07-08,2018,Merah,45700,1829000000
905,149,255,Jual murah,1979-05-01,1988,Kuning,138900,1677000000
906,473,328,Butuh uang,1990-12-05,1997,Nila,95600,1262000000
907,360,69,Butuh uang,2021-06-30,1988,Coklat,152300,259000000
908,108,27,Jual murah,1991-11-02,1973,Merah,110300,907000000
909,276,335,Butuh uang,2016-07-11,2006,Biru,134700,1218000000
910,658,323,Jual mobil,1979-10-03,2016,Biru laut,88700,853000000
911,543,297,Jual mobil second,1987-10-10,1983,Putih,26600,786000000
912,678,38,Jual mobil bagus,1970-09-18,2002,Koral,151000,1474000000
913,215,284,Jual mobil,2009-01-06,2012,Koral,58400,1019000000
914,52,152,Butuh uang,1991-12-10,2001,Biru dongker,20200,1237000000
915,669,41,Butuh uang,1996-11-24,2017,Ungu,159800,430000000
916,622,169,Jual mobil second,2021-09-23,1970,Merah,21200,1790000000
917,436,281,Jual mobil second,2016-09-09,2021,Merah jambu,185300,423000000
918,184,101,Jual mobil,2016-01-30,1995,Biru muda,132500,813000000
919,432,60,Jual mobil bagus,1993-06-16,1977,Emas,75600,851000000
920,33,57,Jual murah,2021-09-28,1978,Hijau,114600,1185000000
921,200,178,Butuh uang,2011-06-16,2020,Putih,120400,285000000
922,413,251,Jual cepat,1971-09-16,2002,Perak,53200,1256000000
923,4,77,Butuh uang,1990-01-17,2015,Abu-abu,112600,786000000
924,265,92,Jual mobil bagus,1988-10-18,1970,Merah,89300,1398000000
925,360,317,Jual mobil bagus,2016-08-23,2016,Biru muda,92800,590000000
926,138,187,Jual mobil,1996-07-18,2010,Zaitun,73400,581000000
927,90,30,Jual cepat,2001-03-31,2015,Merah marun,72600,638000000
928,25,141,Jual mobil bagus,1982-12-04,1970,Hijau tua,1800,179000000
929,465,277,Butuh uang,2010-08-09,1999,Zaitun,83600,1940000000
930,561,3,Jual mobil second,1991-03-07,2005,Biru muda,155900,320000000
931,521,275,Jual mobil bagus,1992-02-06,1991,Putih,31800,1437000000
932,451,311,Jual mobil bagus,1983-02-05,2004,Magenta,126300,1759000000
933,556,155,Butuh uang,1994-06-12,2002,Hijau tua,152000,253000000
934,608,246,Jual mobil bagus,2005-01-16,1979,Merah marun,29100,1902000000
935,97,154,Jual mobil second,2010-03-10,2011,Merah,85100,909000000
936,22,137,Jual mobil bagus,2022-04-04,2022,Zaitun,189900,1368000000
937,323,318,Jual mobil,1981-04-11,2010,Jingga,34500,679000000
938,687,297,Jual murah,1988-12-31,1987,Magenta,19400,1543000000
939,262,122,Jual mobil second,2007-04-18,1985,Perak,177700,1063000000
940,475,167,Jual murah,2019-09-20,1995,Perak,129400,443000000
941,445,252,Jual mobil,1996-11-18,2010,Putih,69200,686000000
942,358,31,Jual mobil bagus,1997-06-15,2002,Jingga,36900,1863000000
943,654,302,Jual mobil second,1988-01-06,2013,Kuning,98900,1588000000
944,79,136,Jual mobil second,1998-06-15,1970,Ungu,182900,215000000
945,456,144,Jual mobil bagus,2018-05-16,2006,Coklat tua,11800,916000000
946,437,111,Butuh uang,2015-09-23,2010,Zaitun,18200,1386000000
947,36,277,Butuh uang,2020-02-03,2021,Kuning,171900,603000000
948,204,177,Jual mobil second,1982-11-27,2020,Zaitun,33900,1713000000
949,360,303,Jual mobil bagus,2022-12-09,1990,Zaitun,157200,1341000000
950,564,97,Jual mobil,1993-02-26,1975,Koral,141100,993000000
951,448,20,Jual mobil,1980-12-26,2012,Merah marun,194800,1064000000
952,427,247,Butuh uang,1995-11-07,1981,Hijau muda,79100,1839000000
953,218,15,Jual mobil bagus,2000-03-23,1988,Biru muda,7800,1061000000
954,39,338,Jual cepat,1992-05-23,1987,Coklat,51900,496000000
955,621,147,Jual murah,2003-02-17,2009,Biru laut,42500,1665000000
956,183,273,Butuh uang,2012-04-17,2022,Biru muda,19800,1571000000
957,342,127,Jual cepat,1989-12-23,2019,Hijau tua,33800,1050000000
958,302,336,Jual mobil,2023-05-16,2015,Coklat,130700,1461000000
959,676,71,Butuh uang,2019-08-14,2001,Hijau,143500,1815000000
960,468,307,Butuh uang,1987-09-23,2003,Hijau,94700,1290000000
961,363,212,Butuh uang,2011-07-27,2002,Ungu tua,100100,1026000000
962,344,244,Butuh uang,2002-08-18,2009,Ungu tua,125100,442000000
963,176,309,Jual mobil,2016-04-30,2010,Hitam,96900,347000000
964,112,246,Jual murah,1979-07-17,1976,Biru dongker,79000,477000000
965,686,206,Jual mobil,2002-04-05,2012,Biru muda,19500,816000000
966,435,208,Jual mobil bagus,2015-10-24,2005,Nila,60600,1480000000
967,46,154,Jual mobil bagus,1995-09-15,2016,Merah jambu,199500,706000000
968,178,238,Jual murah,2008-01-31,1994,Coklat,61000,406000000
969,416,354,Jual mobil,1983-04-10,2013,Biru,160800,446000000
970,677,128,Jual mobil,1997-10-14,2020,Merah marun,193200,1926000000
971,572,123,Jual mobil bagus,2001-05-30,1979,Jingga,110500,627000000
972,483,268,Jual mobil bagus,1984-01-27,1994,Emas,140800,943000000
973,678,262,Jual mobil bagus,1996-11-01,1970,Biru dongker,3500,1474000000
974,97,314,Jual mobil bagus,1983-03-28,1985,Nila,144900,1162000000
975,699,158,Jual mobil bagus,1975-07-04,1986,Merah bata,184700,1699000000
976,634,227,Jual mobil,1989-06-10,1989,Magenta,43700,526000000
977,320,304,Jual cepat,2004-09-15,1980,Merah marun,128800,1690000000
978,382,277,Jual cepat,2004-07-01,1987,Hijau muda,6900,110000000
979,279,306,Jual murah,1971-12-06,1999,Hijau muda,17400,1968000000
980,209,304,Jual mobil second,1977-09-15,1991,Emas,180800,1596000000
981,553,214,Jual cepat,1992-07-19,2004,Coklat tua,97900,1951000000
982,693,259,Jual mobil,2016-02-29,2005,Ungu,82400,752000000
983,150,307,Jual mobil second,1993-03-13,2005,Biru laut,61000,149000000
984,661,203,Jual cepat,2018-12-27,1987,Biru dongker,142200,1642000000
985,70,61,Jual cepat,2018-07-06,1970,Biru dongker,52200,578000000
986,225,321,Jual cepat,1999-03-13,1979,Zaitun,175100,785000000
987,482,302,Butuh uang,1983-03-26,1977,Biru muda,151500,1186000000
988,355,122,Jual mobil bagus,1971-03-21,1986,Koral,24300,1586000000
989,601,132,Jual murah,2013-09-21,2019,Hitam,134900,672000000
990,640,119,Jual cepat,2006-08-25,1984,Koral,147600,238000000
991,161,117,Jual murah,2021-10-21,2013,Biru muda,152900,1080000000
992,151,327,Jual mobil second,2001-01-25,1987,Hitam,48200,317000000
993,443,160,Jual mobil,1989-11-18,1989,Koral,121600,1315000000
994,103,138,Jual murah,2013-11-16,2011,Perak,151500,1435000000
995,644,343,Butuh uang,2007-05-16,2000,Koral,63300,810000000
996,460,39,Jual cepat,1992-02-26,2006,Biru muda,172200,411000000
997,603,164,Jual cepat,2005-11-12,1983,Nila,149100,335000000
998,131,296,Butuh uang,1992-12-07,1972,Hijau muda,12300,623000000
999,539,264,Jual mobil bagus,2015-10-02,2014,Koral,119000,1005000000
1000,457,321,Jual mobil bagus,2007-11-08,2006,Jingga,8800,1584000000
