bid_id,user_id,ads_id,bid_date,bid_price
1,379,115,1997-08-12,1413000000
2,678,717,2006-07-17,1744000000
3,507,263,2001-05-02,1386000000
4,684,716,1991-01-25,1300000000
5,357,491,2003-10-20,135000000
6,607,850,1986-05-04,1957000000
7,533,13,1987-01-13,1182000000
8,115,133,1998-06-17,152000000
9,631,390,1994-01-02,421000000
10,248,651,2021-06-24,798000000
11,240,775,2018-07-01,899000000
12,29,989,2012-07-06,441000000
13,665,731,2016-01-08,377000000
14,136,676,1978-11-10,1745000000
15,471,378,1977-10-30,234000000
16,135,854,1982-02-28,140000000
17,366,624,2001-01-08,802000000
18,455,717,1977-05-03,1768000000
19,45,100,1988-11-23,1770000000
20,653,5,1983-05-18,265000000
21,660,132,1984-02-14,111000000
22,617,249,1997-05-14,972000000
23,479,734,2013-10-04,885000000
24,231,555,2013-07-16,1156000000
25,47,942,1993-09-08,628000000
26,368,41,2003-08-27,1084000000
27,545,938,1994-12-17,1334000000
28,542,357,2009-12-10,1710000000
29,696,141,2014-08-25,1161000000
30,187,558,1987-08-07,1880000000
31,291,801,2018-11-02,214000000
32,621,771,2011-04-03,355000000
33,571,616,1982-06-27,1482000000
34,123,642,1996-06-24,1586000000
35,253,905,1988-12-17,659000000
36,48,623,1992-03-17,639000000
37,429,761,2004-09-24,1540000000
38,436,856,1971-09-10,246000000
39,262,146,2003-10-16,241000000
40,482,136,1980-02-29,1481000000
41,673,116,2022-03-22,1063000000
42,603,312,1984-12-10,1524000000
43,581,400,1986-01-24,1382000000
44,607,701,2006-09-09,1813000000
45,106,246,1983-05-02,1357000000
46,106,972,2018-03-06,1701000000
47,694,351,1970-10-10,285000000
48,142,357,2023-07-05,1667000000
49,142,306,1972-09-13,1999000000
50,266,309,1970-06-25,706000000
51,669,653,2005-01-13,1617000000
52,520,805,1998-07-06,1268000000
53,90,789,2020-07-24,383000000
54,466,99,2002-04-25,868000000
55,95,131,2007-10-23,716000000
56,431,587,1999-02-10,221000000
57,185,498,2014-02-18,1668000000
58,529,726,1996-12-01,136000000
59,2,960,2016-04-27,837000000
60,359,46,2013-09-15,1249000000
61,416,658,2003-08-11,553000000
62,597,329,1970-12-21,649000000
63,376,878,1978-05-09,404000000
64,431,722,1980-01-14,1344000000
65,142,931,2008-10-01,481000000
66,85,414,1972-03-10,1584000000
67,337,369,2012-07-18,562000000
68,149,606,1988-09-19,1852000000
69,7,337,1997-02-06,1329000000
70,270,674,1989-08-20,845000000
71,658,932,1985-11-17,906000000
72,490,300,1986-04-29,247000000
73,92,103,1976-09-20,1920000000
74,203,680,1995-05-11,1625000000
75,444,17,1972-10-04,1532000000
76,150,472,2006-01-26,581000000
77,614,441,1976-06-08,955000000
78,188,679,1983-02-19,544000000
79,391,227,2000-03-31,794000000
80,527,976,1998-06-16,364000000
81,90,367,2021-07-05,1161000000
82,220,829,2008-12-09,1702000000
83,40,664,1972-07-13,617000000
84,308,728,1988-10-13,1859000000
85,49,506,1993-08-03,451000000
86,676,658,1984-03-12,390000000
87,520,888,2002-05-13,185000000
88,316,649,2013-10-04,1183000000
89,579,882,1985-06-05,1507000000
90,510,644,1989-04-12,245000000
91,129,694,1990-05-16,1631000000
92,10,641,1993-05-24,1700000000
93,25,196,2018-05-21,417000000
94,75,349,2002-11-30,882000000
95,488,154,2000-11-17,645000000
96,650,908,2008-12-16,1499000000
97,467,516,2001-09-05,1032000000
98,303,899,1970-11-20,1598000000
99,531,343,2016-01-25,432000000
100,324,472,1989-02-03,815000000
101,124,836,2023-06-17,1159000000
102,314,491,1973-12-10,189000000
103,491,46,1997-09-26,687000000
104,458,742,2005-07-19,462000000
105,289,375,1971-10-14,1481000000
106,693,190,1996-05-13,127000000
107,60,905,1980-02-04,945000000
108,224,780,1977-06-25,531000000
109,277,921,1989-01-25,522000000
110,668,505,2006-04-29,1357000000
111,110,135,1986-04-16,367000000
112,354,770,1976-05-05,1880000000
113,334,213,2011-08-19,628000000
114,72,521,2001-12-15,1592000000
115,500,407,1992-03-27,640000000
116,415,407,1997-05-10,316000000
117,625,49,1999-02-06,300000000
118,349,23,2005-10-05,1432000000
119,33,233,1982-06-14,1072000000
120,630,683,1980-01-13,557000000
121,442,789,1991-09-03,1438000000
122,672,4,2014-07-08,1111000000
123,662,773,2019-11-27,1008000000
124,59,372,2011-09-25,1656000000
125,668,381,2005-11-03,706000000
126,345,352,1992-01-06,817000000
127,342,722,2018-06-10,1036000000
128,309,997,2007-12-24,798000000
129,634,825,2008-01-15,645000000
130,303,886,2013-04-23,1045000000
131,411,818,1991-10-09,1770000000
132,302,972,1985-03-16,1420000000
133,594,881,2021-04-25,1894000000
134,166,754,1998-01-13,1219000000
135,561,683,1997-06-21,1668000000
136,451,878,2008-08-03,1895000000
137,94,302,1998-12-28,231000000
138,200,475,1976-10-05,336000000
139,402,643,2021-10-02,645000000
140,362,273,1993-06-29,128000000
141,182,777,1975-04-17,1028000000
142,391,279,1977-04-13,525000000
143,239,83,1995-06-26,1279000000
144,244,358,2019-08-12,1781000000
145,469,395,1978-08-19,526000000
146,593,51,1990-08-20,1566000000
147,470,801,1988-03-23,908000000
148,332,916,1990-08-23,1033000000
149,75,937,2015-06-03,1889000000
150,193,879,2005-04-08,1826000000
151,533,183,1972-07-02,461000000
152,357,203,1985-10-18,1482000000
153,536,673,2011-07-24,1399000000
154,118,550,1984-11-05,1998000000
155,220,456,1976-06-04,650000000
156,64,227,1980-09-22,608000000
157,204,565,2006-04-27,1672000000
158,407,238,2001-01-01,480000000
159,179,328,1981-08-18,1500000000
160,190,703,2010-08-24,974000000
161,525,57,1978-09-21,1469000000
162,165,53,2012-01-28,237000000
163,197,279,1985-08-06,1275000000
164,342,17,1980-01-13,1654000000
165,132,935,1994-12-02,313000000
166,335,841,1974-08-27,1146000000
167,49,186,2019-11-13,1007000000
168,220,990,2007-10-16,321000000
169,503,61,2007-12-09,1674000000
170,476,540,1993-11-02,1450000000
171,198,589,1992-12-13,1166000000
172,103,19,2005-02-26,1888000000
173,589,831,1995-04-18,1492000000
174,269,886,2006-05-12,653000000
175,378,564,1997-08-07,620000000
176,33,568,2011-12-02,848000000
177,439,578,2022-06-02,683000000
178,497,771,1990-10-02,298000000
179,190,658,2012-05-04,1962000000
180,331,528,1974-07-17,484000000
181,647,523,1998-10-21,1559000000
182,4,770,2005-03-05,963000000
183,686,133,1982-01-01,1810000000
184,659,193,1990-11-27,1310000000
185,490,207,1988-05-12,1507000000
186,116,95,2001-11-03,144000000
187,636,691,1997-10-20,1286000000
188,400,204,1992-10-02,831000000
189,456,522,2000-07-16,582000000
190,700,132,1986-11-02,1079000000
191,152,131,1984-12-20,627000000
192,268,92,1974-08-31,735000000
193,463,99,2015-11-27,207000000
194,525,652,2007-11-15,179000000
195,656,967,2009-04-18,463000000
196,563,484,2002-10-04,427000000
197,472,95,1972-09-26,974000000
198,119,394,2003-10-22,374000000
199,103,207,1997-06-11,806000000
200,681,262,1984-01-23,433000000
201,180,294,2011-01-16,130000000
202,57,758,2019-12-11,1492000000
203,467,281,2015-01-05,976000000
204,222,100,1979-05-04,1957000000
205,263,840,2010-12-07,1520000000
206,431,695,1989-04-17,1908000000
207,399,675,1995-05-28,1646000000
208,72,161,1997-12-19,502000000
209,638,935,1982-12-31,1608000000
210,413,354,1980-04-26,385000000
211,117,559,2008-12-25,542000000
212,507,471,1995-09-17,1949000000
213,635,620,2003-08-21,154000000
214,563,745,2007-08-12,778000000
215,188,483,2021-12-20,1438000000
216,33,393,2000-09-15,1605000000
217,343,877,1982-06-23,1104000000
218,420,661,1988-03-09,1452000000
219,539,51,2021-07-11,168000000
220,280,549,1983-01-25,1645000000
221,375,388,1971-12-19,1215000000
222,657,928,1987-09-19,147000000
223,612,575,1995-05-15,1415000000
224,290,529,1980-05-21,1992000000
225,357,161,2016-05-03,434000000
226,225,954,2012-09-01,1645000000
227,27,445,2004-08-30,729000000
228,246,315,2020-05-23,631000000
229,370,765,2015-04-14,568000000
230,535,326,2006-03-19,182000000
231,233,447,1980-01-03,1449000000
232,157,430,2022-05-09,614000000
233,116,908,2008-06-15,962000000
234,600,562,1983-08-10,239000000
235,669,891,2015-01-16,1071000000
236,528,184,1984-02-07,1204000000
237,373,681,2006-10-29,1080000000
238,312,493,1972-08-12,1895000000
239,196,766,1981-10-28,1035000000
240,569,164,2014-07-29,1548000000
241,127,219,1990-09-03,1059000000
242,309,92,1993-03-31,1551000000
243,49,84,1970-12-02,1034000000
244,18,554,2006-08-06,738000000
245,292,713,2019-11-26,793000000
246,95,891,1981-07-26,1368000000
247,158,913,1974-03-25,1634000000
248,699,282,1970-11-21,934000000
249,407,999,2014-08-26,472000000
250,440,473,1998-04-30,776000000
251,29,902,1999-09-15,1784000000
252,671,138,2004-03-21,1648000000
253,661,486,1984-05-19,969000000
254,98,265,1983-05-19,1946000000
255,428,785,1984-10-03,825000000
256,695,7,2014-09-27,1880000000
257,443,769,1970-01-05,1895000000
258,652,252,2008-05-16,486000000
259,670,303,1978-04-05,454000000
260,644,949,2020-03-09,932000000
261,41,16,1976-05-26,1893000000
262,223,260,1973-10-07,1068000000
263,484,395,2004-01-14,789000000
264,25,105,1996-05-17,1612000000
265,453,630,1986-06-28,1491000000
266,562,995,1972-10-25,613000000
267,549,401,2012-08-04,858000000
268,484,897,1987-06-07,1281000000
269,524,357,1973-10-27,1481000000
270,246,208,2020-01-22,819000000
271,300,922,1983-12-08,1647000000
272,624,268,1998-09-08,809000000
273,683,779,2008-07-10,1715000000
274,130,51,2002-12-13,444000000
275,595,286,2022-03-08,1839000000
276,180,24,1972-01-06,1261000000
277,57,226,2018-01-30,1535000000
278,697,402,1970-09-29,1589000000
279,239,285,1987-12-26,925000000
280,480,109,1980-06-12,243000000
281,138,685,1982-10-12,1577000000
282,169,471,2021-01-31,1708000000
283,687,253,2012-10-05,579000000
284,302,751,2005-04-01,362000000
285,423,625,1977-10-05,1026000000
286,419,139,2001-03-20,1558000000
287,221,576,1980-08-14,1637000000
288,444,841,1971-07-29,1259000000
289,275,388,1980-01-21,990000000
290,477,901,1994-09-28,1380000000
291,274,652,1980-02-22,1705000000
292,354,887,2019-01-18,287000000
293,417,653,1985-01-17,798000000
294,328,852,1971-04-04,891000000
295,570,600,2017-11-15,1668000000
296,255,384,2011-08-24,1706000000
297,134,965,1994-06-06,686000000
298,554,777,1971-07-19,1395000000
299,234,361,2006-10-04,548000000
300,151,19,1994-01-14,884000000
301,189,944,1980-10-12,545000000
302,138,470,2017-01-09,1792000000
303,409,527,1980-07-24,977000000
304,420,309,1976-11-30,1761000000
305,619,858,2000-09-08,1917000000
306,590,781,2003-02-17,1262000000
307,607,804,1991-11-28,140000000
308,172,997,2001-09-07,353000000
309,289,933,1996-05-27,1870000000
310,193,241,2018-03-01,1583000000
311,163,663,1988-06-22,566000000
312,208,889,1989-11-10,1051000000
313,652,546,1995-12-06,261000000
314,414,59,1991-04-01,818000000
315,500,71,1996-08-20,1921000000
316,228,958,1977-04-28,1097000000
317,282,134,1981-12-12,1819000000
318,15,356,2006-02-08,1423000000
319,304,619,1988-02-09,1506000000
320,480,617,1986-02-07,405000000
321,570,704,2007-05-06,121000000
322,658,808,1987-10-06,101000000
323,296,863,1994-03-25,714000000
324,272,593,1989-02-05,378000000
325,48,515,1971-08-26,960000000
326,201,892,2013-08-06,1281000000
327,627,108,1985-04-19,1846000000
328,11,800,1997-03-21,1690000000
329,425,38,1971-05-01,628000000
330,421,469,2019-08-10,826000000
331,94,184,2017-03-15,1791000000
332,309,953,1997-05-04,1500000000
333,618,578,1984-05-26,1276000000
334,355,215,2002-07-20,732000000
335,194,900,2009-06-24,1977000000
336,640,408,2015-09-08,627000000
337,324,58,2020-11-09,164000000
338,483,641,2015-11-15,604000000
339,439,959,2011-01-16,884000000
340,292,260,1985-06-27,1873000000
341,527,940,2012-03-26,282000000
342,572,774,1980-06-04,805000000
343,584,403,2013-10-17,1493000000
344,417,329,1983-01-21,1287000000
345,435,534,2019-11-19,405000000
346,200,70,2012-12-25,791000000
347,450,87,2009-06-27,1316000000
348,473,156,1989-06-08,1616000000
349,299,214,2002-08-23,859000000
350,183,618,2002-05-25,489000000
351,359,122,2008-03-04,1613000000
352,253,813,1974-06-29,132000000
353,100,661,2012-09-07,864000000
354,514,551,2007-09-08,927000000
355,240,230,1970-02-05,475000000
356,103,80,2011-03-13,1354000000
357,269,830,2010-06-13,1112000000
358,601,789,2003-04-29,1847000000
359,663,89,2004-05-14,1033000000
360,510,284,2000-08-14,1734000000
361,507,231,2003-04-16,1785000000
362,694,288,1975-09-23,1187000000
363,423,710,1993-11-30,694000000
364,609,897,1982-12-19,871000000
365,223,458,1998-06-22,1552000000
366,671,986,2010-12-10,551000000
367,538,84,1991-03-01,212000000
368,227,219,1974-09-14,450000000
369,422,989,1989-02-09,1950000000
370,223,14,2010-03-03,785000000
371,273,257,1970-06-05,1505000000
372,216,95,1991-06-10,1965000000
373,65,677,1995-11-17,296000000
374,656,682,2020-03-15,542000000
375,281,69,1973-10-14,162000000
376,503,347,2005-09-22,1275000000
377,336,789,1998-02-22,792000000
378,83,62,2021-06-23,322000000
379,535,382,2016-07-13,727000000
380,380,501,1983-10-21,1727000000
381,200,367,1973-04-14,1749000000
382,103,516,2017-08-26,246000000
383,195,617,1984-06-26,1885000000
384,322,100,2010-06-20,1651000000
385,674,906,2022-03-19,1210000000
386,87,221,1979-02-10,1981000000
387,419,172,1984-09-01,299000000
388,649,866,2013-09-05,1678000000
389,528,298,2014-10-09,1367000000
390,263,598,1978-11-02,760000000
391,29,599,1982-06-06,527000000
392,528,600,2011-04-12,1269000000
393,605,678,2002-10-13,195000000
394,545,930,1971-05-30,1872000000
395,63,92,1995-01-25,581000000
396,625,67,1977-12-18,1657000000
397,126,250,1978-11-16,1291000000
398,50,19,1989-01-10,1527000000
399,350,549,1999-04-08,294000000
400,600,332,1976-04-14,1959000000
401,372,735,1989-06-12,159000000
402,578,200,1983-06-12,1026000000
403,200,182,1978-01-24,1104000000
404,452,630,2011-03-09,471000000
405,383,850,1997-02-12,219000000
406,184,267,1992-12-06,1333000000
407,459,707,2015-02-04,403000000
408,489,519,2013-06-17,1250000000
409,398,322,1984-07-28,997000000
410,656,22,1977-12-04,1863000000
411,112,890,1978-06-10,1884000000
412,140,301,2014-03-31,1104000000
413,563,542,1979-10-09,1511000000
414,148,456,1973-08-23,1900000000
415,331,473,2013-02-26,1688000000
416,562,541,1971-12-01,1636000000
417,215,356,1977-08-14,118000000
418,469,501,1989-11-10,409000000
419,491,724,2010-06-14,320000000
420,501,347,1993-01-01,1501000000
421,577,828,2018-09-14,324000000
422,447,718,1985-07-31,1078000000
423,192,17,1997-12-15,155000000
424,659,390,1978-08-03,560000000
425,644,146,1972-10-10,1201000000
426,496,869,1999-05-16,1315000000
427,316,727,2004-01-29,527000000
428,252,908,1993-01-17,722000000
429,170,813,2021-08-24,1463000000
430,207,558,1997-09-04,567000000
431,631,935,1988-09-17,1508000000
432,8,911,2010-11-11,112000000
433,164,712,1972-08-13,810000000
434,98,695,2000-08-16,1990000000
435,667,548,2020-12-23,1092000000
436,70,792,1982-11-08,1661000000
437,238,587,1986-04-05,962000000
438,268,11,1972-07-20,1052000000
439,143,562,1975-07-26,545000000
440,476,426,2005-03-31,110000000
441,624,480,2021-07-16,1050000000
442,348,482,2022-08-24,1478000000
443,225,341,2022-06-29,498000000
444,507,266,2019-07-17,1868000000
445,291,318,2017-01-21,766000000
446,407,439,2004-01-19,1886000000
447,229,689,1973-12-24,1029000000
448,268,438,1974-02-27,388000000
449,15,96,2014-07-30,1198000000
450,154,60,1996-02-06,1641000000
451,645,158,1995-10-11,554000000
452,445,753,1984-11-04,1137000000
453,544,233,2003-12-14,1406000000
454,662,31,2001-08-11,1818000000
455,203,519,1996-02-05,420000000
456,174,852,2016-03-02,1175000000
457,684,318,1980-01-24,1530000000
458,112,490,2005-10-01,1026000000
459,152,836,2019-05-06,175000000
460,496,341,2005-08-14,1278000000
461,564,44,1975-05-11,1440000000
462,324,733,2001-12-09,1102000000
463,267,748,2003-03-08,596000000
464,410,439,1997-01-12,747000000
465,629,692,2015-07-05,101000000
466,437,352,1989-05-07,1978000000
467,46,831,1977-01-21,1574000000
468,647,575,1998-03-13,778000000
469,610,704,1976-03-06,284000000
470,354,584,1997-05-26,1711000000
471,281,794,2015-02-21,267000000
472,316,722,2016-12-12,1069000000
473,663,721,2009-07-28,616000000
474,498,351,1980-02-05,459000000
475,82,357,2014-08-15,604000000
476,556,310,1981-04-03,1209000000
477,509,605,1978-06-21,1262000000
478,432,850,2008-09-06,1857000000
479,396,37,1972-09-23,1226000000
480,134,836,1997-01-12,619000000
481,17,703,2002-12-07,389000000
482,456,85,1972-06-07,784000000
483,525,585,1991-04-22,1756000000
484,632,735,2003-05-25,978000000
485,364,960,2011-10-21,536000000
486,610,936,2013-04-10,1440000000
487,643,74,1997-09-15,1095000000
488,40,63,2005-05-13,1341000000
489,258,436,1982-10-13,354000000
490,655,426,1977-06-08,365000000
491,502,141,1981-06-21,808000000
492,546,438,1978-06-25,1829000000
493,481,535,2022-09-08,1117000000
494,75,975,1989-02-24,1126000000
495,306,664,1980-12-03,837000000
496,499,769,2019-08-25,1616000000
497,200,264,1983-08-21,143000000
498,328,696,2017-07-25,648000000
499,429,697,1975-10-03,113000000
500,685,651,1986-12-13,349000000
501,189,809,1972-11-12,278000000
502,195,953,1987-05-24,1715000000
503,187,691,1989-12-09,1331000000
504,356,689,2021-09-21,382000000
505,79,764,1997-07-24,1806000000
506,551,569,1975-06-28,1577000000
507,366,402,2007-05-24,1771000000
508,247,163,2002-01-29,1951000000
509,641,42,1996-08-09,1812000000
510,296,20,1972-12-16,1444000000
511,645,551,1980-10-09,1823000000
512,275,486,2011-06-15,1808000000
513,502,361,2021-12-30,955000000
514,474,484,2001-12-04,1429000000
515,631,830,1999-03-17,1893000000
516,234,557,1971-06-23,1581000000
517,13,328,1986-11-16,958000000
518,210,847,1979-06-30,1564000000
519,564,303,1976-09-07,1745000000
520,11,864,1981-02-13,597000000
521,211,674,1978-06-13,421000000
522,319,122,1976-03-02,1182000000
523,266,805,2001-11-03,538000000
524,235,813,1972-08-17,511000000
525,289,124,1990-03-14,1173000000
526,179,43,1985-10-06,1791000000
527,554,388,2001-08-11,355000000
528,323,832,1997-04-18,770000000
529,67,252,1998-04-11,605000000
530,611,34,1991-01-07,1120000000
531,122,331,2021-06-22,1891000000
532,12,628,1975-07-07,1907000000
533,516,66,1983-05-19,1059000000
534,636,578,2000-10-23,204000000
535,134,996,1976-12-04,676000000
536,375,71,2008-01-24,837000000
537,548,675,2020-02-13,1088000000
538,545,838,2011-06-10,239000000
539,34,175,2012-05-20,1732000000
540,311,713,1988-05-25,684000000
541,603,264,2005-10-24,1900000000
542,103,598,1980-05-21,1743000000
543,34,820,2020-08-16,1640000000
544,477,194,2001-10-31,535000000
545,649,316,1971-10-24,1834000000
546,403,757,1980-09-09,1166000000
547,597,163,2000-03-16,123000000
548,455,228,2015-03-03,758000000
549,113,938,1989-12-22,452000000
550,268,868,2009-07-26,1482000000
551,330,549,2010-09-28,1901000000
552,38,730,1990-05-30,1946000000
553,418,272,1975-10-16,1705000000
554,676,710,1976-12-22,1361000000
555,449,880,2019-07-14,1022000000
556,487,45,2018-07-27,1251000000
557,698,164,1995-11-29,271000000
558,166,616,2002-05-18,1811000000
559,75,599,2008-10-05,187000000
560,111,381,2015-09-18,273000000
561,268,382,2007-11-26,1192000000
562,654,900,1986-06-14,1965000000
563,58,151,2018-12-22,1585000000
564,271,188,2019-11-27,1758000000
565,219,522,2013-05-29,313000000
566,373,632,2001-01-27,514000000
567,248,135,1979-06-18,574000000
568,250,466,1985-06-13,1008000000
569,26,458,1991-02-03,1593000000
570,303,323,2016-09-15,855000000
571,375,687,1974-03-07,1080000000
572,696,864,2002-04-15,1910000000
573,81,714,1974-05-10,400000000
574,136,715,2018-05-08,1141000000
575,443,124,1997-08-13,1344000000
576,607,66,2013-08-28,440000000
577,231,59,2003-07-26,189000000
578,682,706,2017-09-03,860000000
579,558,207,2008-08-10,174000000
580,579,902,2007-01-27,535000000
581,184,312,2019-05-14,958000000
582,445,374,1983-11-27,1387000000
583,436,327,2011-10-15,1303000000
584,573,817,1994-10-28,145000000
585,131,945,1994-03-27,1388000000
586,114,173,1999-03-28,327000000
587,153,519,2008-01-01,411000000
588,254,198,1979-09-13,707000000
589,509,70,1990-06-07,966000000
590,694,536,1997-03-10,1678000000
591,650,595,2007-02-26,1589000000
592,368,323,2022-11-06,417000000
593,242,37,1988-08-10,624000000
594,566,922,1992-11-24,544000000
595,278,104,1973-10-23,1079000000
596,386,263,2000-03-19,198000000
597,174,170,1976-10-05,1195000000
598,158,746,2022-10-11,1831000000
599,453,944,1983-12-27,189000000
600,207,865,2013-08-07,272000000
601,146,894,2003-11-28,1581000000
602,494,688,2016-12-24,1858000000
603,17,740,2015-06-02,261000000
604,490,352,2004-03-20,1797000000
605,586,867,2009-03-24,1981000000
606,411,462,2022-08-31,537000000
607,104,593,1971-04-04,609000000
608,296,118,1978-11-26,1766000000
609,209,321,1991-07-03,554000000
610,310,428,1985-11-29,928000000
611,495,610,2017-02-28,1196000000
612,382,938,1998-11-09,113000000
613,99,869,2013-08-15,822000000
614,642,174,1986-06-17,1929000000
615,638,41,2006-07-19,211000000
616,356,718,1995-09-03,559000000
617,180,104,1979-01-18,1529000000
618,650,514,2008-10-23,1565000000
619,580,34,2000-11-17,1075000000
620,291,487,1973-09-26,1206000000
621,506,23,1976-08-23,212000000
622,467,523,2019-12-12,136000000
623,368,232,2019-12-25,327000000
624,62,909,1981-09-10,1899000000
625,132,519,1978-01-13,1716000000
626,472,312,2012-06-21,200000000
627,148,132,2004-06-02,1370000000
628,666,36,1984-02-22,541000000
629,333,271,1990-02-21,662000000
630,626,344,1996-05-22,1230000000
631,191,207,2016-01-22,703000000
632,404,385,1999-05-19,1104000000
633,186,961,2002-06-15,696000000
634,387,153,1984-08-29,1899000000
635,362,568,2020-04-20,1775000000
636,290,547,2012-03-16,1493000000
637,548,44,1996-08-24,671000000
638,100,391,2020-04-17,1445000000
639,192,181,1976-08-19,1816000000
640,669,635,2001-03-05,926000000
641,693,5,2011-05-22,1787000000
642,184,983,2018-01-23,1311000000
643,662,331,1994-11-05,749000000
644,35,959,1970-08-12,1719000000
645,422,5,1981-10-18,1603000000
646,686,731,2006-02-12,503000000
647,100,682,2020-05-17,1120000000
648,352,504,2010-12-02,629000000
649,352,328,1997-07-19,924000000
650,470,140,2010-09-16,368000000
651,359,794,1987-10-22,1285000000
652,317,810,1987-12-19,1405000000
653,617,27,1990-01-16,759000000
654,492,795,1995-05-23,109000000
655,47,713,1979-11-26,1319000000
656,151,474,1977-03-09,1552000000
657,341,484,1975-10-09,278000000
658,633,199,1970-06-07,283000000
659,484,922,1972-02-25,949000000
660,239,303,1983-05-11,1608000000
661,203,128,1995-12-31,1888000000
662,256,959,1989-05-12,1013000000
663,363,236,2015-11-30,1828000000
664,252,393,2011-12-05,506000000
665,209,364,2000-11-14,740000000
666,317,534,1995-04-18,933000000
667,607,885,1981-07-27,395000000
668,276,641,2021-11-01,154000000
669,310,457,2017-11-29,488000000
670,368,667,1974-06-22,832000000
671,379,273,2001-04-25,1546000000
672,249,261,1982-07-26,898000000
673,237,2,1997-03-22,849000000
674,522,220,2014-06-10,1693000000
675,436,503,1996-11-09,647000000
676,596,154,2022-09-14,684000000
677,329,424,1998-07-23,1090000000
678,147,60,2000-04-13,1270000000
679,199,637,2001-04-23,734000000
680,94,802,2016-12-28,171000000
681,266,835,2017-07-18,386000000
682,270,567,2010-06-17,1776000000
683,667,930,1975-01-26,1160000000
684,6,42,1979-03-01,1498000000
685,578,801,1993-06-11,1154000000
686,434,324,1997-08-24,120000000
687,367,346,2015-02-10,1989000000
688,413,145,2014-04-02,1138000000
689,650,861,1978-11-14,1699000000
690,535,406,1992-05-13,619000000
691,259,427,2004-08-13,1860000000
692,8,444,1993-05-22,189000000
693,92,130,1995-07-31,1958000000
694,323,948,1980-04-14,970000000
695,688,770,1973-09-12,1757000000
696,363,88,1980-09-17,263000000
697,43,722,1977-12-21,551000000
698,659,253,2012-11-20,940000000
699,471,397,1985-06-14,603000000
700,208,884,2021-05-04,930000000
701,308,547,1978-12-13,1193000000
702,387,444,2016-07-07,116000000
703,545,78,1973-05-10,1513000000
704,670,243,2010-11-29,1976000000
705,295,96,2021-08-25,971000000
706,545,935,2003-02-01,1719000000
707,58,131,2002-06-25,619000000
708,354,401,2020-05-14,895000000
709,627,85,1970-04-21,342000000
710,608,727,1995-07-15,996000000
711,275,904,1988-04-06,562000000
712,84,693,1997-11-13,1941000000
713,29,158,2013-01-02,1013000000
714,668,297,1975-01-02,1148000000
715,687,321,2011-07-04,1793000000
716,181,237,2013-02-06,321000000
717,575,12,1990-09-11,1106000000
718,460,253,2014-01-12,1422000000
719,224,601,2007-10-21,1923000000
720,508,654,2003-02-08,554000000
721,129,926,1997-04-27,676000000
722,157,502,1985-03-26,1070000000
723,408,608,1979-12-08,1380000000
724,222,556,2002-08-14,365000000
725,488,656,1984-05-25,1737000000
726,57,751,1983-11-11,185000000
727,676,578,1982-04-14,1348000000
728,637,697,1985-02-16,676000000
729,298,671,1986-12-28,1441000000
730,328,993,1983-02-22,817000000
731,160,529,1993-09-16,362000000
732,399,815,1980-12-18,607000000
733,126,532,1988-03-01,126000000
734,469,799,1992-02-16,1998000000
735,641,291,1998-07-20,610000000
736,524,160,1973-11-20,468000000
737,544,117,1975-04-26,1197000000
738,507,376,1983-02-12,1774000000
739,3,428,2020-01-17,1472000000
740,675,600,1986-07-24,670000000
741,4,205,2006-08-23,564000000
742,495,176,2002-01-19,437000000
743,549,796,2007-05-20,114000000
744,311,519,1980-05-16,723000000
745,17,786,1971-09-27,823000000
746,422,470,2006-12-17,194000000
747,253,497,2009-04-11,452000000
748,160,407,1993-07-31,1272000000
749,431,568,1973-12-28,523000000
750,188,255,2018-04-19,773000000
751,445,986,1977-03-26,1266000000
752,695,164,2020-02-11,668000000
753,364,398,2012-04-13,415000000
754,588,143,1982-02-27,1535000000
755,660,264,1989-01-20,983000000
756,296,155,1999-02-03,216000000
757,359,437,2012-05-18,217000000
758,372,850,2006-03-04,1384000000
759,450,799,1985-02-16,1029000000
760,492,722,1991-07-24,348000000
761,544,691,2004-05-20,1045000000
762,633,405,1975-07-21,1933000000
763,484,621,1994-09-20,1927000000
764,597,628,1999-09-29,1072000000
765,520,402,1988-06-13,1095000000
766,331,576,1995-11-12,1256000000
767,252,261,2013-11-11,765000000
768,249,475,1973-10-22,1220000000
769,439,108,1975-11-26,655000000
770,293,65,2006-07-04,300000000
771,602,440,2012-08-13,1377000000
772,89,143,2020-08-04,1537000000
773,612,330,2019-03-12,1371000000
774,673,76,2021-03-26,255000000
775,270,413,1989-08-10,1421000000
776,672,849,1974-07-31,1172000000
777,464,105,1991-07-31,182000000
778,451,810,2000-05-19,316000000
779,372,588,1986-06-28,839000000
780,19,456,1973-01-19,1670000000
781,658,497,2012-07-10,1600000000
782,621,60,1971-03-04,1940000000
783,403,399,2011-03-08,455000000
784,645,434,1986-07-30,989000000
785,311,395,2010-06-02,956000000
786,281,627,2013-12-08,1978000000
787,292,394,1976-06-02,489000000
788,547,95,2018-06-24,1220000000
789,142,978,1984-02-14,473000000
790,466,215,2007-12-16,104000000
791,121,340,2002-12-26,1943000000
792,278,668,1999-09-03,1272000000
793,28,311,1995-01-06,1068000000
794,167,870,2013-10-06,402000000
795,272,922,1980-02-25,760000000
796,551,815,2022-10-17,1721000000
797,388,634,1976-02-01,1642000000
798,341,756,1993-12-09,306000000
799,159,217,2004-05-07,1369000000
800,587,871,2000-04-19,205000000
801,51,992,1984-05-03,1492000000
802,352,232,1982-02-24,1244000000
803,275,684,1995-09-27,634000000
804,214,555,2021-06-20,558000000
805,424,833,1978-08-25,102000000
806,163,777,2011-09-01,975000000
807,501,129,2018-03-05,1548000000
808,523,365,1996-11-11,550000000
809,238,41,2003-10-17,1029000000
810,594,407,1973-06-10,1006000000
811,612,597,1978-04-21,957000000
812,674,645,2016-06-05,360000000
813,664,125,1987-11-09,936000000
814,200,196,1994-08-29,695000000
815,641,731,1989-10-16,413000000
816,190,22,1993-01-03,881000000
817,511,46,2006-08-30,665000000
818,607,652,1994-08-25,1478000000
819,403,417,2013-07-13,347000000
820,178,51,2022-01-28,242000000
821,193,941,1999-11-08,1743000000
822,290,406,1991-07-27,1558000000
823,338,26,2005-07-01,1293000000
824,431,176,1975-07-06,1384000000
825,573,691,1980-02-21,1319000000
826,280,293,2021-04-16,1523000000
827,383,729,1984-05-12,1382000000
828,462,490,2013-05-08,1344000000
829,352,880,1993-04-13,969000000
830,306,346,1996-03-23,1161000000
831,139,820,1974-07-03,1911000000
832,340,634,1989-09-26,1851000000
833,552,28,1985-11-21,1172000000
834,606,79,2009-03-15,111000000
835,285,841,1984-10-18,1088000000
836,242,442,1991-03-11,1140000000
837,96,46,1978-12-11,949000000
838,253,556,1998-04-05,429000000
839,413,637,1988-03-22,286000000
840,78,315,1997-03-29,1586000000
841,547,170,1982-01-20,454000000
842,522,425,1973-04-15,1215000000
843,470,380,1973-09-07,258000000
844,202,708,2017-09-23,840000000
845,600,463,2020-10-11,575000000
846,673,947,1974-06-15,629000000
847,661,630,2009-07-18,1597000000
848,105,12,2020-11-28,1077000000
849,461,789,2017-07-09,1230000000
850,430,84,2012-05-01,1224000000
851,603,813,1986-10-03,357000000
852,281,668,2016-10-24,1245000000
853,698,857,1990-09-28,758000000
854,593,648,1978-09-15,1114000000
855,396,560,1975-09-05,1417000000
856,298,201,1982-01-16,458000000
857,45,422,1990-03-23,1636000000
858,410,399,2016-08-31,612000000
859,340,989,2013-12-02,1310000000
860,375,254,1990-10-20,1093000000
861,457,945,2013-05-09,1883000000
862,689,426,1996-11-25,273000000
863,125,750,2008-06-07,800000000
864,387,792,1981-06-01,171000000
865,160,71,2001-12-11,1503000000
866,392,179,2019-05-16,867000000
867,424,538,1979-08-21,411000000
868,31,815,2012-05-13,695000000
869,421,492,1981-09-11,161000000
870,22,737,1999-04-26,1971000000
871,347,247,2000-03-18,812000000
872,322,419,2010-01-19,715000000
873,469,751,2005-05-02,1900000000
874,271,533,2009-11-03,178000000
875,442,852,1982-08-22,1582000000
876,640,920,1986-02-10,1392000000
877,154,719,1984-11-07,1719000000
878,587,441,2010-04-25,804000000
879,649,724,2014-11-01,956000000
880,504,702,1979-09-13,1035000000
881,112,273,2022-05-01,927000000
882,473,199,2017-05-25,1499000000
883,113,629,1996-06-19,1592000000
884,37,941,1982-04-10,839000000
885,136,718,2001-06-10,385000000
886,279,134,1976-02-14,509000000
887,274,660,2004-03-25,661000000
888,219,87,2013-04-01,1596000000
889,387,684,1997-04-20,354000000
890,668,147,1979-10-26,1197000000
891,91,138,1980-01-15,1292000000
892,498,875,2013-08-20,852000000
893,543,813,1990-06-09,511000000
894,49,976,1983-09-09,1473000000
895,320,447,1984-08-07,1375000000
896,578,169,1987-02-20,1907000000
897,483,919,1978-04-15,1442000000
898,170,834,2006-12-18,203000000
899,82,319,2005-09-04,1497000000
900,398,98,1986-04-18,1999000000
901,497,175,1976-04-26,1373000000
902,142,791,1979-09-18,1126000000
903,560,665,1986-02-13,1097000000
904,359,273,1974-10-24,1004000000
905,562,666,2022-03-24,132000000
906,56,446,1987-04-04,228000000
907,675,513,1999-04-24,1387000000
908,385,263,2018-07-11,1070000000
909,363,226,1996-11-20,1761000000
910,483,128,2020-09-04,937000000
911,416,560,2016-04-13,1049000000
912,650,600,2006-09-21,1116000000
913,384,515,1993-01-24,1281000000
914,465,323,2000-07-16,1162000000
915,502,192,2005-03-04,446000000
916,113,137,2014-05-27,587000000
917,240,159,1978-06-02,1185000000
918,179,607,1972-04-28,359000000
919,130,358,2006-01-12,146000000
920,611,299,1973-06-04,1012000000
921,264,973,2023-05-16,1117000000
922,123,386,1970-06-26,523000000
923,37,684,1977-12-14,986000000
924,593,729,2009-07-24,810000000
925,234,584,1973-12-26,1101000000
926,90,204,2002-04-18,1785000000
927,218,490,1993-08-03,1653000000
928,407,355,2001-12-28,627000000
929,675,223,1996-09-28,609000000
930,61,190,2008-12-30,1616000000
931,92,387,1998-01-11,1691000000
932,529,684,1983-07-18,961000000
933,212,988,1987-08-27,1433000000
934,444,187,1985-10-15,637000000
935,481,707,2021-10-02,976000000
936,646,498,1978-04-05,421000000
937,325,350,2006-07-07,1677000000
938,69,65,1974-08-08,759000000
939,355,174,2015-02-20,181000000
940,194,557,2007-07-12,1550000000
941,175,901,2007-02-08,1071000000
942,409,914,1975-07-13,1927000000
943,86,109,2013-10-02,1573000000
944,619,123,2002-09-09,1630000000
945,77,102,1986-12-28,1754000000
946,665,75,2013-06-05,1859000000
947,670,216,1976-09-10,273000000
948,655,88,1986-08-20,595000000
949,515,747,1983-06-12,1128000000
950,521,845,1982-03-07,1768000000
951,237,550,2012-04-09,1931000000
952,551,745,2008-10-30,1928000000
953,247,11,2008-04-30,1119000000
954,280,375,2021-07-20,458000000
955,62,975,1994-01-22,1270000000
956,572,314,1991-11-28,1577000000
957,38,752,2002-08-10,1297000000
958,613,131,1980-04-08,139000000
959,11,315,1991-08-11,1428000000
960,267,617,2020-06-20,962000000
961,564,819,2005-03-14,810000000
962,153,402,1990-10-18,1899000000
963,371,600,2022-01-02,740000000
964,79,319,1974-03-07,1282000000
965,376,432,2013-03-13,1496000000
966,566,945,2021-04-30,748000000
967,302,628,2020-02-25,1318000000
968,186,969,2014-08-25,696000000
969,101,70,2012-04-22,343000000
970,76,87,1994-05-27,1758000000
971,461,883,2006-01-27,1084000000
972,103,313,2021-06-25,1389000000
973,696,960,2005-01-10,1660000000
974,172,722,1976-01-06,867000000
975,504,78,2012-11-24,1324000000
976,203,936,2011-07-25,1090000000
977,397,878,1998-12-14,336000000
978,336,189,1990-09-10,802000000
979,23,789,2009-05-25,1444000000
980,241,58,2003-04-30,795000000
981,644,247,1976-08-10,338000000
982,636,122,2023-06-21,1924000000
983,262,614,2011-09-24,753000000
984,526,375,2018-05-08,576000000
985,581,964,2012-03-11,958000000
986,516,619,2011-06-29,1370000000
987,589,333,2006-06-02,1148000000
988,315,41,2012-09-06,1422000000
989,533,971,1996-03-15,1726000000
990,43,280,1988-07-24,1140000000
991,113,945,1994-06-22,1959000000
992,412,420,2017-06-10,1890000000
993,128,735,1979-02-09,144000000
994,219,231,2020-03-25,1528000000
995,670,262,2023-04-06,1790000000
996,430,737,2002-01-02,1847000000
997,43,76,1984-07-20,1619000000
998,539,496,2019-09-18,957000000
999,350,24,2018-01-19,585000000
1000,144,159,2016-11-22,1746000000
1001,541,114,2007-05-01,1519000000
1002,638,90,1999-06-28,537000000
1003,418,735,2010-01-29,1616000000
1004,604,588,1992-12-22,1029000000
1005,98,419,2022-05-03,253000000
1006,254,279,1984-08-07,1347000000
1007,102,866,2012-07-01,748000000
1008,17,525,1986-04-19,489000000
1009,194,303,1980-02-24,1434000000
1010,666,593,2018-01-09,744000000
1011,358,814,2007-04-23,780000000
1012,333,762,1999-05-13,1829000000
1013,554,611,1992-06-21,1644000000
1014,284,722,1991-09-03,591000000
1015,678,297,1979-10-18,1932000000
1016,655,214,2003-01-13,1767000000
1017,560,176,2014-09-16,867000000
1018,289,694,1980-03-02,1379000000
1019,184,967,2001-01-03,1052000000
1020,364,428,1977-05-21,812000000
1021,427,704,1979-10-24,1133000000
1022,434,756,2014-04-16,818000000
1023,136,933,2018-02-16,1915000000
1024,118,339,1986-10-07,1625000000
1025,277,868,1984-10-19,871000000
1026,630,516,2017-06-12,1956000000
1027,103,143,1973-02-11,706000000
1028,126,630,2000-08-24,389000000
1029,634,572,2014-01-05,762000000
1030,147,305,2001-03-04,665000000
1031,488,69,1993-12-18,1953000000
1032,401,483,2020-12-19,1549000000
1033,245,126,1997-02-27,870000000
1034,376,88,1982-06-11,1856000000
1035,85,342,2009-06-03,1266000000
1036,544,694,1987-03-01,453000000
1037,510,829,1974-03-15,1830000000
1038,507,292,1992-12-11,128000000
1039,405,621,1980-08-07,1972000000
1040,324,426,1989-08-06,133000000
1041,220,571,1995-01-24,1527000000
1042,690,624,1987-02-08,1542000000
1043,230,734,2020-11-19,1905000000
1044,153,417,1989-07-24,473000000
1045,88,846,1996-08-25,1513000000
1046,124,242,1989-09-21,1732000000
1047,24,647,1982-04-30,543000000
1048,184,254,2009-10-22,1785000000
1049,140,995,1992-07-06,129000000
1050,391,980,1990-09-28,1833000000
1051,62,201,2008-10-24,1934000000
1052,694,992,2006-12-06,732000000
1053,199,939,1995-12-07,856000000
1054,9,215,2022-07-22,422000000
1055,614,883,1988-09-01,1733000000
1056,341,319,1972-05-26,1434000000
1057,352,120,1971-02-14,172000000
1058,607,172,1980-08-22,1342000000
1059,126,662,2019-09-05,1033000000
1060,87,666,1990-04-19,945000000
1061,624,621,1991-12-18,906000000
1062,589,217,1981-07-18,1518000000
1063,459,581,2005-12-23,1659000000
1064,575,881,2008-01-07,736000000
1065,74,865,1989-06-23,329000000
1066,444,835,1993-02-20,1015000000
1067,354,569,2011-04-01,577000000
1068,226,173,1997-08-05,1629000000
1069,262,885,2001-08-20,1851000000
1070,68,343,1985-05-15,331000000
1071,604,725,1994-12-13,1636000000
1072,346,601,2016-03-02,1447000000
1073,416,577,2014-03-09,1907000000
1074,610,392,2013-03-30,1411000000
1075,171,266,2003-06-18,1901000000
1076,226,400,2017-11-16,553000000
1077,616,495,1997-01-24,595000000
1078,691,766,1971-04-27,131000000
1079,684,411,1979-09-28,992000000
1080,643,839,2017-01-21,1899000000
1081,127,416,1996-03-12,1886000000
1082,130,987,1985-09-22,474000000
1083,667,400,2019-11-10,111000000
1084,515,639,1993-11-11,1909000000
1085,158,886,2017-12-27,626000000
1086,392,447,2020-11-23,647000000
1087,202,644,2005-09-08,954000000
1088,478,387,2003-04-06,956000000
1089,468,722,2002-07-14,1984000000
1090,148,301,1984-01-13,1887000000
1091,112,307,2013-08-30,185000000
1092,146,259,1980-02-07,198000000
1093,230,394,1983-12-14,1681000000
1094,119,81,2016-10-14,1115000000
1095,471,238,1971-07-01,1005000000
1096,392,235,1979-07-04,1587000000
1097,196,638,2002-06-22,836000000
1098,492,429,1983-09-14,264000000
1099,349,200,1999-11-18,1016000000
1100,409,727,1993-11-05,792000000
1101,519,77,1980-03-13,227000000
1102,304,292,2006-12-04,1389000000
1103,274,284,1984-11-23,1437000000
1104,15,350,2002-10-21,311000000
1105,203,730,1979-05-27,856000000
1106,95,309,1974-12-22,159000000
1107,342,588,2017-03-15,1760000000
1108,64,962,2022-08-30,1314000000
1109,305,312,1970-03-06,267000000
1110,253,347,1975-04-24,1180000000
1111,192,125,1983-11-24,113000000
1112,571,945,1978-01-11,1962000000
1113,322,977,2005-02-22,1851000000
1114,576,97,2010-01-08,125000000
1115,641,927,1991-05-09,152000000
1116,143,666,1974-06-19,1608000000
1117,117,161,1976-03-18,1274000000
1118,637,522,1986-06-30,1486000000
1119,692,324,2008-07-12,791000000
1120,611,472,2021-03-03,130000000
1121,304,286,1983-02-16,1270000000
1122,264,908,2020-08-30,628000000
1123,564,646,1984-10-21,440000000
1124,178,14,1995-09-09,912000000
1125,512,201,1993-05-01,1416000000
1126,224,806,2021-05-24,1796000000
1127,489,998,1986-08-13,1933000000
1128,96,170,1999-04-25,1535000000
1129,246,641,1993-11-14,852000000
1130,88,663,1982-01-12,474000000
1131,225,396,1998-05-11,414000000
1132,377,266,2019-10-17,1523000000
1133,484,111,2015-08-28,1945000000
1134,466,799,1991-10-30,1322000000
1135,692,953,2003-04-30,758000000
1136,77,788,2007-05-07,465000000
1137,99,188,1998-01-16,766000000
1138,137,184,1982-03-30,583000000
1139,539,366,1977-12-26,1524000000
1140,594,954,1974-06-28,1962000000
1141,562,753,2019-11-10,830000000
1142,495,263,2011-07-08,898000000
1143,26,964,1979-12-01,238000000
1144,377,245,1994-09-24,704000000
1145,561,642,1976-07-12,973000000
1146,399,970,1995-10-09,213000000
1147,386,746,2007-08-20,1026000000
1148,344,943,1995-05-06,1975000000
1149,280,426,2008-04-09,705000000
1150,558,357,2003-08-02,1136000000
1151,69,258,1988-09-09,1421000000
1152,268,807,1970-04-15,358000000
1153,46,54,1985-08-14,567000000
1154,553,150,2013-10-09,652000000
1155,200,265,2006-01-10,1373000000
1156,430,186,1993-12-02,1525000000
1157,74,66,2016-05-18,1226000000
1158,363,349,1977-09-21,1878000000
1159,536,741,1989-04-10,801000000
1160,681,752,1991-06-12,653000000
1161,20,725,1971-09-01,1369000000
1162,128,423,2002-07-22,428000000
1163,370,732,2021-01-17,996000000
1164,496,169,1971-09-17,1142000000
1165,389,563,1988-09-20,697000000
1166,117,269,2020-07-13,638000000
1167,62,120,2016-08-20,103000000
1168,242,614,1983-06-23,1617000000
1169,250,970,1990-04-25,709000000
1170,624,618,2007-06-23,546000000
1171,128,894,1971-08-10,442000000
1172,475,494,2019-01-20,1274000000
1173,209,758,2007-10-15,894000000
1174,46,297,2020-08-14,688000000
1175,158,376,1982-04-02,1163000000
1176,208,698,2000-12-28,1061000000
1177,515,95,1981-06-06,1224000000
1178,407,743,1996-06-20,1104000000
1179,499,985,2009-10-15,903000000
1180,268,21,1993-01-29,1171000000
1181,438,277,1999-09-05,280000000
1182,187,534,2002-09-22,646000000
1183,140,224,1979-07-21,1631000000
1184,645,640,1972-02-22,1614000000
1185,611,237,2005-05-22,1985000000
1186,55,328,1983-07-23,1610000000
1187,396,611,1977-01-03,867000000
1188,480,120,2018-05-02,1734000000
1189,305,167,1975-04-07,1165000000
1190,524,274,2021-01-05,1849000000
1191,681,83,1989-04-15,1895000000
1192,139,354,2000-12-10,1721000000
1193,644,796,1983-12-05,848000000
1194,147,741,1982-03-18,582000000
1195,656,201,1996-09-01,1868000000
1196,399,528,2015-01-16,1948000000
1197,76,437,1985-01-08,1904000000
1198,298,112,1973-03-30,1708000000
1199,583,592,2000-07-16,1593000000
1200,411,170,2009-11-08,1430000000
1201,234,186,2001-12-27,565000000
1202,57,166,2005-07-25,782000000
1203,456,561,2020-05-28,832000000
1204,217,381,2017-08-15,1621000000
1205,312,844,1974-05-14,497000000
1206,140,609,1976-10-26,281000000
1207,28,253,1991-06-04,530000000
1208,631,317,1972-03-12,621000000
1209,103,946,2018-07-15,1356000000
1210,655,291,1971-02-21,1723000000
1211,638,186,1977-02-03,902000000
1212,630,975,1999-09-05,1687000000
1213,498,456,1976-11-25,334000000
1214,113,304,2007-02-28,1634000000
1215,534,511,2018-11-17,983000000
1216,402,18,2021-04-19,1460000000
1217,518,552,1991-01-11,1740000000
1218,533,115,2018-05-15,1099000000
1219,152,886,2020-06-16,1063000000
1220,51,2,1993-11-14,1529000000
1221,208,541,2013-10-07,1310000000
1222,665,998,1970-09-07,1847000000
1223,397,909,1970-08-13,1710000000
1224,477,396,1971-04-06,437000000
1225,216,905,2021-07-18,1919000000
1226,188,953,1999-09-05,551000000
1227,301,940,2018-10-26,1105000000
1228,348,857,1988-11-13,282000000
1229,393,339,2022-10-31,412000000
1230,179,511,2007-01-04,506000000
1231,139,706,2022-12-13,1693000000
1232,435,770,2023-03-25,279000000
1233,473,419,2003-11-04,1997000000
1234,78,991,1973-10-23,125000000
1235,179,482,1990-02-10,1722000000
1236,455,997,1997-04-05,1233000000
1237,424,80,2015-01-30,986000000
1238,177,474,2020-01-05,1464000000
1239,379,446,2000-02-24,1191000000
1240,1,205,1971-09-15,1506000000
1241,533,869,1992-02-08,678000000
1242,324,104,1980-12-13,1708000000
1243,165,233,1984-11-09,608000000
1244,655,200,1989-03-10,1931000000
1245,246,81,1986-11-22,1257000000
1246,643,577,1971-11-26,274000000
1247,138,120,1983-07-20,1606000000
1248,470,591,1972-10-18,765000000
1249,307,335,1992-04-17,253000000
1250,532,782,2005-12-19,1581000000
1251,159,94,1970-06-30,205000000
1252,439,866,2008-12-09,456000000
1253,247,511,1997-06-13,179000000
1254,104,710,1976-03-15,577000000
1255,197,841,2003-11-10,982000000
1256,393,171,2002-04-30,1449000000
1257,277,429,1996-10-08,1048000000
1258,699,705,1973-02-23,863000000
1259,352,534,1980-11-20,1978000000
1260,482,131,2001-05-06,1415000000
1261,157,614,2022-08-10,486000000
1262,424,52,2018-08-29,1538000000
1263,334,865,1983-11-23,1037000000
1264,686,642,1988-09-30,158000000
1265,194,260,2018-05-29,852000000
1266,282,450,2001-10-01,120000000
1267,111,966,1999-01-31,1507000000
1268,382,36,1985-05-07,582000000
1269,673,137,1977-01-11,1668000000
1270,431,621,1998-01-12,1996000000
1271,555,373,2000-12-24,1647000000
1272,446,143,1970-01-26,1650000000
1273,366,618,1994-10-26,1992000000
1274,210,635,1971-01-17,182000000
1275,519,107,1985-01-08,649000000
1276,531,109,2018-02-14,611000000
1277,159,190,2020-02-24,1739000000
1278,301,46,2021-12-07,854000000
1279,497,274,2002-10-09,764000000
1280,155,336,1999-12-07,346000000
1281,506,721,2018-10-02,929000000
1282,46,627,1988-03-22,1188000000
1283,560,358,2016-04-29,1701000000
1284,454,391,1972-06-29,1046000000
1285,263,750,1983-08-25,832000000
1286,303,729,1983-05-22,338000000
1287,432,552,1994-10-23,1638000000
1288,637,7,1992-05-05,368000000
1289,647,1000,2012-11-21,1959000000
1290,428,182,1984-11-16,883000000
1291,648,302,1976-09-10,1677000000
1292,255,116,1989-03-31,1498000000
1293,638,403,2023-02-25,1514000000
1294,338,350,2020-06-01,286000000
1295,7,714,1992-10-25,1782000000
1296,463,64,1989-10-09,1389000000
1297,199,130,1978-04-13,735000000
1298,144,766,1971-10-17,612000000
1299,24,24,1997-09-07,1203000000
1300,101,869,1984-07-22,524000000
1301,404,41,2002-06-24,1447000000
1302,224,889,1996-05-21,220000000
1303,270,362,2006-01-03,1207000000
1304,621,96,2019-03-14,1031000000
1305,378,216,2006-01-22,1644000000
1306,331,465,1987-09-11,1615000000
1307,107,897,1975-10-05,526000000
1308,30,821,2022-08-21,1447000000
1309,61,70,1998-07-10,1279000000
1310,276,137,1980-10-29,990000000
1311,678,116,1989-09-21,1974000000
1312,318,314,1993-07-28,106000000
1313,274,129,2013-06-01,1612000000
1314,393,62,2019-03-02,1960000000
1315,372,646,1981-11-22,1633000000
1316,365,664,1989-10-29,838000000
1317,167,27,1995-01-30,1896000000
1318,286,303,2004-12-08,1803000000
1319,304,828,2019-07-24,567000000
1320,603,914,1991-02-07,758000000
1321,501,735,2019-02-24,421000000
1322,530,348,2017-06-24,320000000
1323,638,877,1981-09-22,1970000000
1324,697,710,1975-04-04,211000000
1325,639,559,1980-12-18,492000000
1326,673,845,1978-01-06,576000000
1327,431,576,2018-10-27,613000000
1328,90,757,1989-08-28,970000000
1329,120,757,1980-05-07,1366000000
1330,592,649,1990-05-06,1467000000
1331,565,224,1983-04-08,135000000
1332,579,569,1975-03-13,1092000000
1333,410,834,2021-11-09,879000000
1334,425,427,1972-08-08,154000000
1335,1,448,2002-05-14,1532000000
1336,267,760,1971-05-01,1535000000
1337,481,776,2007-06-10,1442000000
1338,401,401,2007-10-06,1737000000
1339,423,616,1990-05-16,825000000
1340,365,164,2000-02-13,1239000000
1341,130,170,1983-03-28,1844000000
1342,587,534,1985-06-09,227000000
1343,53,984,1975-07-28,100000000
1344,300,783,1973-11-01,1713000000
1345,470,264,2020-06-09,153000000
1346,293,768,2012-10-25,1807000000
1347,446,812,2023-03-26,1553000000
1348,331,82,2018-03-25,1325000000
1349,576,303,2006-04-13,1282000000
1350,147,678,2006-03-13,1308000000
1351,94,22,2009-03-28,1550000000
1352,523,357,2023-01-19,931000000
1353,568,273,2020-11-29,711000000
1354,596,4,1986-03-14,1577000000
1355,18,943,1978-01-30,1995000000
1356,263,964,1994-02-27,1721000000
1357,245,381,1970-09-21,137000000
1358,1,910,1979-11-16,944000000
1359,173,486,1985-01-04,1495000000
1360,199,918,1996-12-01,474000000
1361,415,421,1981-05-09,1160000000
1362,70,351,1994-07-24,374000000
1363,215,657,1980-09-29,1941000000
1364,172,235,1994-09-10,822000000
1365,486,565,2013-12-13,1254000000
1366,591,560,2017-11-03,1590000000
1367,29,226,2007-05-10,634000000
1368,171,208,2003-01-28,236000000
1369,696,890,1971-02-05,1683000000
1370,688,461,2017-12-16,1834000000
1371,392,574,1985-04-11,1490000000
1372,133,970,1978-02-06,232000000
1373,623,658,2009-03-06,357000000
1374,317,541,2017-08-27,637000000
1375,318,339,1999-10-08,734000000
1376,585,888,1993-10-18,553000000
1377,528,245,1990-06-06,1203000000
1378,596,69,1983-04-11,1688000000
1379,108,917,2006-04-30,285000000
1380,393,898,2007-04-14,1596000000
1381,268,68,1987-06-22,1223000000
1382,432,336,1997-06-17,1675000000
1383,303,990,1974-03-14,1976000000
1384,243,265,1987-01-21,1437000000
1385,344,132,1989-11-15,799000000
1386,494,976,2012-09-14,1093000000
1387,209,348,2004-10-23,449000000
1388,182,268,1997-09-29,472000000
1389,64,227,1978-12-06,1499000000
1390,317,68,2000-07-03,956000000
1391,265,420,2019-10-10,1702000000
1392,181,987,2015-11-24,1161000000
1393,378,782,2004-11-09,423000000
1394,38,234,1985-05-08,1222000000
1395,245,102,1990-01-23,776000000
1396,631,463,2000-09-08,1650000000
1397,693,615,2000-10-14,902000000
1398,256,245,2020-04-27,1690000000
1399,556,941,1991-01-12,1508000000
1400,633,774,1980-05-30,402000000
1401,583,709,2022-08-26,1329000000
1402,400,25,2012-12-05,629000000
1403,658,264,1979-08-21,636000000
1404,446,550,2009-06-17,1640000000
1405,115,206,2017-07-08,1504000000
1406,31,733,1990-05-08,1068000000
1407,121,853,2010-09-17,907000000
1408,623,867,1988-12-27,1229000000
1409,8,13,2023-06-01,1071000000
1410,662,677,1975-05-29,1942000000
1411,665,952,2007-11-05,212000000
1412,596,153,1987-11-19,867000000
1413,585,152,1991-07-04,1440000000
1414,668,748,1993-06-14,1870000000
1415,206,662,1996-09-14,1601000000
1416,101,370,2013-04-30,930000000
1417,212,649,1979-01-24,1289000000
1418,113,795,1988-01-14,1604000000
1419,522,21,2021-12-11,716000000
1420,501,116,2009-08-08,1866000000
1421,97,799,2008-04-14,1560000000
1422,128,329,1975-05-05,1266000000
1423,375,133,1977-06-18,839000000
1424,595,945,2008-07-22,1861000000
1425,452,662,1999-02-12,1865000000
1426,189,398,2022-01-07,973000000
1427,143,368,1977-04-08,1435000000
1428,199,921,2003-12-11,873000000
1429,520,420,1997-08-27,473000000
1430,395,275,1994-06-18,1425000000
1431,462,279,1996-03-16,660000000
1432,16,67,2011-01-13,1775000000
1433,266,554,1999-08-10,238000000
1434,55,27,2001-04-15,811000000
1435,691,444,2018-01-01,1776000000
1436,143,225,1990-08-30,1646000000
1437,117,568,2019-05-03,1467000000
1438,102,491,1993-03-02,362000000
1439,168,958,1973-08-13,705000000
1440,251,480,2002-02-26,1503000000
1441,693,553,2015-12-21,1700000000
1442,654,53,2006-12-09,1233000000
1443,655,287,2003-10-04,1763000000
1444,215,144,1973-04-01,490000000
1445,230,194,1997-08-31,1994000000
1446,559,520,1985-04-08,1427000000
1447,383,58,2012-04-26,179000000
1448,657,973,1972-02-28,1743000000
1449,134,187,1970-04-21,1180000000
1450,364,628,1973-04-24,755000000
1451,72,287,2001-09-09,1741000000
1452,24,565,1987-03-05,164000000
1453,43,214,2008-02-05,1980000000
1454,427,882,2021-02-28,1793000000
1455,4,450,1991-02-10,392000000
1456,430,406,2006-09-30,1263000000
1457,70,327,2006-08-12,1497000000
1458,396,428,2010-05-27,1891000000
1459,322,901,2006-03-09,385000000
1460,538,381,1996-01-24,1225000000
1461,37,593,1992-09-09,739000000
1462,561,735,1993-07-10,700000000
1463,183,267,2023-06-23,1199000000
1464,240,754,1989-10-18,1519000000
1465,634,657,1972-01-28,1950000000
1466,363,27,2012-09-03,1906000000
1467,193,459,1973-04-26,736000000
1468,393,434,2021-10-03,125000000
1469,566,350,2018-12-17,1498000000
1470,454,912,2018-08-24,132000000
1471,135,632,1996-10-01,534000000
1472,74,699,2002-05-16,942000000
1473,661,612,2006-07-30,729000000
1474,181,83,2009-12-06,186000000
1475,620,633,2015-10-03,492000000
1476,93,532,2001-08-26,1366000000
1477,300,340,1970-02-16,249000000
1478,655,325,2019-06-30,1181000000
1479,119,714,2008-07-08,469000000
1480,295,428,1978-10-25,1236000000
1481,156,923,1971-11-10,1254000000
1482,94,181,2000-06-13,149000000
1483,211,7,1986-05-21,1999000000
1484,394,662,1972-04-03,125000000
1485,116,862,2012-03-21,1504000000
1486,274,294,2020-11-27,1187000000
1487,655,248,1991-10-23,1898000000
1488,14,344,2018-10-30,1884000000
1489,553,536,1994-05-01,1024000000
1490,329,195,2004-09-09,642000000
1491,163,9,1974-02-23,1133000000
1492,216,728,2019-08-16,960000000
1493,581,933,1981-09-05,479000000
1494,222,315,2000-12-13,493000000
1495,396,218,1977-06-23,937000000
1496,602,121,1971-06-16,537000000
1497,331,464,2012-11-24,1075000000
1498,334,44,1982-10-21,123000000
1499,154,203,1990-02-16,1532000000
1500,547,577,2003-05-18,742000000
1501,471,368,2023-06-02,820000000
1502,355,846,1973-12-11,1939000000
1503,13,460,1988-07-01,1943000000
1504,409,247,1994-01-29,131000000
1505,687,107,1981-05-21,1622000000
1506,505,186,1989-07-28,504000000
1507,420,509,2013-09-22,1937000000
1508,229,669,2019-08-14,383000000
1509,441,327,1990-10-28,1516000000
1510,667,741,1986-07-01,1287000000
1511,659,799,1998-07-25,1563000000
1512,529,229,1971-02-21,1437000000
1513,607,238,2010-07-08,1770000000
1514,60,942,1975-01-05,1860000000
1515,492,136,1982-06-15,600000000
1516,479,45,1989-05-06,1177000000
1517,469,535,2014-11-29,510000000
1518,339,721,2004-01-31,1158000000
1519,377,355,2000-04-27,1030000000
1520,678,118,1976-03-26,1196000000
1521,693,692,2019-05-11,616000000
1522,411,625,1975-07-28,1481000000
1523,291,742,2002-06-23,1770000000
1524,289,384,2019-05-15,794000000
1525,505,775,1985-09-16,227000000
1526,646,805,2017-10-09,1611000000
1527,48,967,1973-05-24,250000000
1528,64,946,2004-11-05,1642000000
1529,136,803,1998-03-28,1630000000
1530,150,732,1988-08-23,377000000
1531,183,283,2006-06-30,1781000000
1532,471,178,1971-09-25,819000000
1533,175,543,2001-04-17,1490000000
1534,92,294,1979-07-31,675000000
1535,581,910,1980-11-04,274000000
1536,4,690,2019-08-14,1315000000
1537,636,766,1979-01-10,1029000000
1538,680,183,2021-11-18,1017000000
1539,465,251,2002-01-15,191000000
1540,231,864,2012-07-21,1911000000
1541,186,702,1991-07-27,283000000
1542,74,187,1974-03-18,1504000000
1543,260,95,2022-07-25,1582000000
1544,691,443,2009-04-28,1481000000
1545,104,889,1988-05-08,664000000
1546,268,379,1970-04-23,806000000
1547,325,40,2012-08-04,845000000
1548,560,370,1981-11-23,920000000
1549,472,479,1974-03-14,425000000
1550,626,778,2007-03-09,1512000000
1551,647,22,2000-05-07,1461000000
1552,238,670,1970-10-25,1597000000
1553,178,1000,1978-01-18,933000000
1554,492,842,2020-09-05,1469000000
1555,19,610,1980-02-24,652000000
1556,551,69,1994-05-24,1977000000
1557,495,534,1984-04-12,520000000
1558,679,197,2017-02-10,1335000000
1559,267,613,1989-05-23,1290000000
1560,662,194,2022-04-13,631000000
1561,528,544,1991-01-15,1707000000
1562,693,787,2003-07-10,348000000
1563,265,351,1987-03-09,1552000000
1564,410,194,1970-11-09,121000000
1565,214,924,1978-07-23,224000000
1566,579,315,2007-01-19,128000000
1567,591,478,2004-03-16,1920000000
1568,274,563,1971-12-19,1945000000
1569,590,882,1992-10-13,1212000000
1570,238,622,1997-10-15,717000000
1571,415,129,2006-08-30,264000000
1572,145,13,1998-05-05,219000000
1573,292,390,1977-08-17,1663000000
1574,269,511,2008-09-16,1973000000
1575,612,761,1988-02-05,725000000
1576,287,500,1984-06-12,607000000
1577,462,968,2015-12-09,1773000000
1578,207,479,2019-12-27,550000000
1579,361,320,2011-03-31,221000000
1580,699,269,1975-12-05,1520000000
1581,66,61,2018-05-29,288000000
1582,13,441,1998-05-10,672000000
1583,380,897,1973-11-07,838000000
1584,626,613,2004-08-05,975000000
1585,454,394,1991-02-19,1865000000
1586,84,198,2000-01-12,1013000000
1587,295,848,2013-10-30,1562000000
1588,20,378,1973-08-08,735000000
1589,259,289,2007-11-03,915000000
1590,21,571,2007-09-07,774000000
1591,100,291,2017-05-05,1776000000
1592,184,265,1980-08-18,1337000000
1593,494,960,2004-06-26,522000000
1594,140,293,1986-07-27,1147000000
1595,571,80,1978-01-22,289000000
1596,663,893,1990-03-06,926000000
1597,187,20,1988-09-02,1147000000
1598,477,758,2007-05-23,644000000
1599,288,658,2008-07-22,1270000000
1600,495,110,2022-01-31,1698000000
1601,221,255,2011-02-03,1907000000
1602,693,754,2002-08-15,1078000000
1603,668,931,2007-01-06,281000000
1604,656,159,2004-06-09,671000000
1605,134,280,2002-05-06,1680000000
1606,457,290,2007-05-28,1714000000
1607,131,12,1987-04-16,857000000
1608,686,863,2016-07-20,369000000
1609,182,620,1975-09-12,1496000000
1610,113,654,2011-08-29,1746000000
1611,312,370,2000-10-31,175000000
1612,30,427,2010-11-19,458000000
1613,609,911,2000-01-18,1777000000
1614,449,46,2008-12-19,1001000000
1615,421,771,2015-07-08,1439000000
1616,415,180,2006-02-10,887000000
1617,246,534,1992-12-01,887000000
1618,102,738,1990-12-21,1612000000
1619,638,950,2014-07-29,1745000000
1620,284,836,2014-05-29,161000000
1621,669,592,2003-09-23,1981000000
1622,116,470,2016-01-13,1274000000
1623,385,493,1970-09-29,812000000
1624,470,436,2006-03-29,1994000000
1625,164,215,2018-11-27,1126000000
1626,485,380,2019-09-25,1801000000
1627,233,884,1974-05-16,987000000
1628,499,907,1998-12-04,147000000
1629,655,474,2023-03-03,610000000
1630,45,843,1973-03-23,284000000
1631,633,22,2018-02-28,977000000
1632,205,4,1983-06-19,732000000
1633,262,823,1999-01-13,1019000000
1634,304,582,2006-06-06,774000000
1635,156,601,2012-04-08,1185000000
1636,67,858,1989-09-21,1791000000
1637,275,851,2012-11-29,484000000
1638,700,245,1985-11-25,971000000
1639,437,779,2003-12-25,417000000
1640,472,365,2020-08-24,763000000
1641,295,899,1987-01-08,820000000
1642,324,730,1992-06-26,232000000
1643,483,792,2023-03-21,1710000000
1644,286,110,2012-09-15,158000000
1645,692,508,1973-03-04,966000000
1646,656,273,1983-10-13,1163000000
1647,229,889,1994-05-01,842000000
1648,130,738,1992-06-23,1180000000
1649,430,571,2004-12-19,1712000000
1650,34,184,2018-05-27,906000000
1651,648,94,1991-03-25,917000000
1652,284,462,1990-01-07,1057000000
1653,572,923,2012-05-27,1955000000
1654,289,771,2018-05-01,1699000000
1655,582,158,1980-11-22,1214000000
1656,690,363,2006-07-23,1910000000
1657,147,348,1974-08-25,912000000
1658,522,193,2016-07-29,1153000000
1659,341,176,2018-04-11,1064000000
1660,410,251,1987-08-30,161000000
1661,392,824,2004-05-28,1449000000
1662,272,334,1975-03-03,1273000000
1663,449,352,1984-10-22,509000000
1664,169,773,1976-07-28,404000000
1665,134,907,1981-05-30,1752000000
1666,118,365,1986-01-21,263000000
1667,125,529,2012-03-05,963000000
1668,635,512,2007-02-01,1004000000
1669,688,651,1971-07-06,763000000
1670,159,268,2014-04-12,1454000000
1671,92,700,2019-02-03,1780000000
1672,359,122,1982-05-27,1949000000
1673,690,419,1996-07-30,510000000
1674,40,180,1981-01-31,1867000000
1675,611,760,2009-03-13,1651000000
1676,284,934,2000-12-03,223000000
1677,416,132,1977-11-17,1186000000
1678,143,540,2022-05-10,478000000
1679,603,448,2014-03-26,1757000000
1680,282,248,1993-04-13,357000000
1681,663,77,2003-05-18,188000000
1682,429,107,1978-02-14,549000000
1683,536,283,1973-01-20,531000000
1684,299,728,1972-09-06,745000000
1685,436,978,2013-04-16,577000000
1686,343,541,1972-03-27,157000000
1687,481,787,1990-11-06,737000000
1688,171,726,2001-11-23,1928000000
1689,90,380,1973-02-05,498000000
1690,218,129,2011-03-05,877000000
1691,430,610,2015-09-05,1048000000
1692,307,408,2009-08-12,1638000000
1693,397,791,1985-04-13,1678000000
1694,503,105,2006-06-09,316000000
1695,628,909,2002-11-28,942000000
1696,633,511,2022-10-23,465000000
1697,452,418,1988-01-28,655000000
1698,165,894,2010-03-01,549000000
1699,31,37,1972-12-01,553000000
1700,310,211,1995-07-03,1985000000
1701,526,618,1997-07-16,399000000
1702,671,825,2016-03-29,1813000000
1703,219,303,2009-03-28,1280000000
1704,288,27,2010-03-26,1001000000
1705,76,208,1982-06-21,1443000000
1706,87,527,1990-06-29,762000000
1707,85,913,1991-01-21,233000000
1708,73,762,1982-04-09,1741000000
1709,370,797,2021-02-18,1894000000
1710,531,377,2000-04-03,385000000
1711,148,903,1977-05-17,219000000
1712,682,461,2000-07-09,1365000000
1713,69,151,1989-06-22,964000000
1714,266,596,2022-12-30,956000000
1715,18,150,2020-07-03,104000000
1716,347,486,1988-02-27,1530000000
1717,19,86,1982-10-15,382000000
1718,118,394,1996-11-29,1598000000
1719,471,775,1999-10-01,580000000
1720,147,658,1987-09-22,1261000000
1721,179,51,1975-04-30,1019000000
1722,243,340,2021-02-24,644000000
1723,573,811,1971-01-24,1127000000
1724,687,420,1992-10-23,951000000
1725,562,962,1999-12-07,1613000000
1726,511,507,1974-07-16,1838000000
1727,668,864,1971-07-01,1491000000
1728,291,368,2007-05-14,446000000
1729,552,788,1979-11-17,1542000000
1730,372,168,1995-08-01,595000000
1731,160,180,1996-06-06,1831000000
1732,8,313,2009-08-03,587000000
1733,662,44,2016-09-09,1991000000
1734,54,364,1972-07-26,987000000
1735,653,529,2005-10-30,1875000000
1736,122,337,1999-02-11,496000000
1737,43,285,1985-11-07,602000000
1738,513,883,1997-11-05,1129000000
1739,646,433,2006-10-07,1159000000
1740,269,385,2012-03-11,435000000
1741,98,321,1985-04-07,293000000
1742,10,911,1975-12-09,486000000
1743,187,805,1972-01-16,1791000000
1744,277,96,1994-09-15,586000000
1745,142,715,1971-09-04,211000000
1746,191,135,2003-12-25,963000000
1747,45,267,2001-10-28,212000000
1748,343,746,2015-03-15,370000000
1749,411,940,2000-11-20,1911000000
1750,69,939,2006-04-30,225000000
1751,110,194,1982-05-03,1262000000
1752,268,753,2023-02-10,513000000
1753,28,504,1989-09-20,1436000000
1754,346,184,1978-12-29,1866000000
1755,337,313,2000-04-20,512000000
1756,297,214,1982-06-28,1411000000
1757,582,823,1995-04-07,559000000
1758,694,992,1989-01-10,1270000000
1759,139,851,2014-04-15,839000000
1760,201,25,1975-04-16,294000000
1761,307,1,1971-07-23,1887000000
1762,65,510,2013-09-02,506000000
1763,465,804,1995-02-06,1530000000
1764,99,467,1987-03-23,275000000
1765,412,306,1973-10-02,353000000
1766,190,440,1977-01-12,1366000000
1767,267,810,2004-10-28,1931000000
1768,371,979,1974-02-27,488000000
1769,70,450,1996-04-11,1698000000
1770,129,265,2022-08-09,971000000
1771,559,310,2003-07-13,490000000
1772,458,412,2005-08-30,545000000
1773,528,805,2011-07-20,633000000
1774,488,464,1975-05-22,1103000000
1775,662,235,2021-01-08,765000000
1776,456,581,1995-08-04,1786000000
1777,356,843,1979-12-02,700000000
1778,644,66,1976-11-02,1678000000
1779,114,53,2016-08-07,1887000000
1780,528,117,1973-09-19,612000000
1781,175,814,2008-02-17,577000000
1782,195,607,1995-08-26,1394000000
1783,85,703,2015-09-08,1135000000
1784,86,571,2002-08-07,1678000000
1785,237,723,1972-05-26,981000000
1786,483,363,2020-05-25,1226000000
1787,353,510,2003-09-06,1107000000
1788,574,741,2011-11-28,1989000000
1789,392,61,1987-06-27,449000000
1790,494,518,2014-02-20,362000000
1791,372,640,2017-09-15,476000000
1792,608,429,2011-04-21,1559000000
1793,519,184,2004-01-13,112000000
1794,700,289,2001-07-31,1339000000
1795,477,92,2011-03-20,585000000
1796,651,349,1985-02-08,606000000
1797,120,249,2010-12-23,878000000
1798,259,146,2013-07-01,1786000000
1799,545,13,1976-10-23,554000000
1800,369,491,2007-12-24,1858000000
1801,405,57,1992-12-20,1436000000
1802,638,247,1977-09-20,215000000
1803,576,655,1993-07-09,391000000
1804,7,147,2023-04-24,424000000
1805,327,101,2001-10-24,1167000000
1806,509,245,2009-10-07,1598000000
1807,573,785,2013-10-16,1134000000
1808,493,433,1986-07-21,964000000
1809,489,349,1970-10-05,204000000
1810,163,48,2016-02-19,470000000
1811,341,635,1996-06-14,1136000000
1812,611,422,2002-11-06,151000000
1813,67,31,2009-11-05,1586000000
1814,455,315,1971-08-08,1225000000
1815,691,831,2006-02-20,337000000
1816,117,229,2010-03-23,1036000000
1817,594,1000,2000-02-14,1425000000
1818,278,208,2006-09-29,1928000000
1819,196,998,2017-09-25,184000000
1820,169,604,1973-04-07,1776000000
1821,439,115,2000-02-14,317000000
1822,4,272,1971-01-16,735000000
1823,437,416,1996-01-25,1286000000
1824,86,671,2019-04-07,1018000000
1825,327,876,1991-02-07,113000000
1826,72,118,1979-12-12,1170000000
1827,354,586,1984-05-18,1631000000
1828,594,259,1985-02-24,920000000
1829,169,984,1972-01-01,1456000000
1830,312,647,1984-01-08,1190000000
1831,289,657,1994-07-30,1776000000
1832,430,573,1989-02-14,719000000
1833,423,524,2022-02-12,997000000
1834,244,795,1970-06-24,1541000000
1835,593,226,1988-11-26,447000000
1836,154,66,2008-07-07,768000000
1837,397,176,1972-11-11,119000000
1838,513,364,2021-02-22,477000000
1839,480,599,2020-05-13,1594000000
1840,461,87,2000-01-05,1501000000
1841,163,844,1992-11-11,1156000000
1842,438,764,2023-06-26,1951000000
1843,64,508,1978-11-01,1644000000
1844,95,132,1979-07-23,153000000
1845,115,521,2019-02-18,719000000
1846,357,426,2013-05-17,559000000
1847,509,202,1978-04-26,1686000000
1848,550,75,1985-03-07,1680000000
1849,414,697,1998-09-04,1480000000
1850,282,955,1970-09-14,795000000
1851,610,802,1995-03-06,1353000000
1852,651,839,2001-02-05,1184000000
1853,382,812,1978-02-07,528000000
1854,333,532,1993-09-29,1397000000
1855,269,38,1971-12-16,725000000
1856,69,414,1981-06-30,310000000
1857,623,328,1991-11-03,510000000
1858,178,515,1978-07-29,381000000
1859,465,964,1996-06-18,1319000000
1860,93,357,1998-01-16,525000000
1861,127,387,2008-11-25,849000000
1862,63,864,1992-12-12,1855000000
1863,42,832,2000-07-11,1843000000
1864,287,282,1978-08-10,1243000000
1865,166,712,2014-03-31,1051000000
1866,564,146,1977-06-26,1007000000
1867,585,197,1992-05-10,422000000
1868,284,38,2018-06-22,343000000
1869,54,932,1971-09-25,577000000
1870,61,471,1986-07-23,1561000000
1871,271,429,2003-01-10,202000000
1872,132,883,1982-05-23,643000000
1873,150,479,1995-10-16,243000000
1874,420,946,2001-10-06,1382000000
1875,490,92,2010-11-22,656000000
1876,630,394,2017-09-10,1861000000
1877,174,701,1989-05-22,1998000000
1878,427,568,2020-01-01,815000000
1879,408,614,1982-04-26,398000000
1880,577,391,1979-11-13,1866000000
1881,487,190,2011-01-11,1893000000
1882,201,930,2006-04-27,677000000
1883,190,233,1999-03-03,1988000000
1884,75,450,2005-02-17,1135000000
1885,196,31,1972-12-29,1023000000
1886,244,178,1973-12-08,1750000000
1887,290,586,1986-10-13,558000000
1888,116,302,1980-05-05,923000000
1889,240,126,2001-01-20,968000000
1890,306,394,1993-04-28,197000000
1891,187,492,1983-12-21,1180000000
1892,526,411,1981-12-18,818000000
1893,142,279,2017-10-22,114000000
1894,227,978,1974-03-25,1080000000
1895,629,137,1998-03-04,1971000000
1896,449,261,1989-02-09,551000000
1897,152,200,1983-09-09,205000000
1898,411,887,2004-11-17,524000000
1899,180,405,1983-03-30,1090000000
1900,101,678,1975-06-18,1240000000
1901,285,316,1976-12-01,1283000000
1902,402,166,2016-12-03,1685000000
1903,680,12,2014-11-30,896000000
1904,309,47,2021-12-15,1963000000
1905,11,761,2017-04-24,198000000
1906,288,487,1978-08-06,1173000000
1907,188,999,2008-10-05,283000000
1908,156,706,1991-03-07,1424000000
1909,418,123,2008-09-26,1542000000
1910,104,656,1991-03-04,1794000000
1911,476,153,2016-08-27,1153000000
1912,658,296,1983-05-06,1210000000
1913,640,171,2016-12-20,587000000
1914,39,634,2001-07-30,1741000000
1915,137,289,2020-04-30,716000000
1916,134,484,1991-11-09,682000000
1917,22,825,1973-07-18,235000000
1918,226,241,2003-11-14,1902000000
1919,110,740,1987-12-28,1662000000
1920,385,627,2008-10-18,1065000000
1921,19,396,1974-12-28,214000000
1922,471,559,1981-08-26,1660000000
1923,631,489,1977-07-25,183000000
1924,435,135,2020-10-20,429000000
1925,524,65,2018-11-26,1138000000
1926,438,650,2001-05-24,1043000000
1927,85,854,1974-09-23,1978000000
1928,115,964,1981-06-24,1943000000
1929,307,679,1978-06-21,1209000000
1930,357,512,2016-11-20,223000000
1931,620,703,1994-05-29,1042000000
1932,695,627,2004-02-02,379000000
1933,263,128,1997-08-09,1741000000
1934,534,453,2015-07-26,888000000
1935,147,179,1970-05-05,842000000
1936,397,899,1995-12-24,1293000000
1937,197,654,2014-11-12,1708000000
1938,359,903,1975-06-05,324000000
1939,61,787,1978-10-01,222000000
1940,26,21,2012-08-05,768000000
1941,220,946,2017-05-29,395000000
1942,140,777,1970-07-21,1451000000
1943,272,852,2009-02-28,1365000000
1944,283,192,2021-11-24,1720000000
1945,2,920,1991-03-16,582000000
1946,687,8,1971-09-22,1157000000
1947,532,380,2000-03-28,917000000
1948,271,131,2008-08-21,1678000000
1949,629,900,2007-05-09,1506000000
1950,265,383,2010-07-20,596000000
1951,167,974,1970-03-19,1649000000
1952,498,267,2020-12-03,1255000000
1953,301,248,1977-04-17,244000000
1954,490,43,1988-04-01,1623000000
1955,601,892,2013-04-14,508000000
1956,631,358,2006-08-15,1589000000
1957,606,923,2014-04-04,1356000000
1958,103,389,2008-01-23,1180000000
1959,459,387,1982-10-20,132000000
1960,490,821,1984-08-19,1358000000
1961,118,192,1983-08-31,1881000000
1962,513,359,1980-01-20,643000000
1963,473,938,1972-12-25,563000000
1964,479,826,1998-01-23,1287000000
1965,374,971,1972-01-09,306000000
1966,270,405,1977-02-05,130000000
1967,527,341,1992-02-20,746000000
1968,191,909,2000-09-14,1874000000
1969,126,457,2011-06-21,191000000
1970,331,516,2004-09-13,1614000000
1971,617,262,1981-08-07,313000000
1972,488,479,1992-03-24,1140000000
1973,503,619,1984-03-25,503000000
1974,671,568,1975-03-18,470000000
1975,160,732,1993-03-21,1938000000
1976,345,35,1989-12-13,1185000000
1977,520,947,1997-03-16,1055000000
1978,462,421,1995-05-10,1593000000
1979,126,179,1976-07-17,802000000
1980,554,995,2005-07-12,1987000000
1981,656,923,2014-04-26,748000000
1982,417,81,2005-12-31,1871000000
1983,187,290,1989-08-22,1579000000
1984,488,186,2021-12-08,397000000
1985,122,751,1977-01-14,968000000
1986,399,138,1995-02-16,592000000
1987,543,339,2010-09-15,1721000000
1988,375,655,2021-03-13,216000000
1989,514,118,2016-10-05,1428000000
1990,406,546,2009-09-15,1658000000
1991,479,454,2015-10-22,263000000
1992,121,978,1971-09-22,1439000000
1993,547,506,2005-03-24,861000000
1994,66,93,1987-07-08,1153000000
1995,100,693,2020-01-05,255000000
1996,649,408,1983-05-16,298000000
1997,171,3,2021-11-14,812000000
1998,241,830,1977-02-23,431000000
1999,68,656,2011-03-01,1043000000
2000,318,37,2023-04-06,1692000000
